,team,season,playoff_Wildcard,playoff_Division,playoff_Conference,playoff_Superbowl,sum,PF,TYards,Ply,Y/P,TO,FL,T1stD,Cmp,PAtt,PYds,PTD,Int,P.NY/A,P1stD,RAtt,RYds,RTD,R.Y/A,R1stD,Pen,PenYds,Pen1stD,opp_PF,opp_TYds,opp_TPly,opp_TY/P,opp_TO,opp_FL,opp_T1stD,opp_Cmp,opp_PAtt,opp_PYds,opp_PTD,opp_Int,opp_NPY/A,opp_P1stD,opp_RAtt,opp_RYds,opp_RTD,opp_RY/A,opp_R1stD,opp_Pen,opp_PenYds,opp_1stPy,division_win,conference_win
0,Minnesota Vikings,1988,1,1,0,0,2,406,5595,1068,5.2,30,12,318,294,520,3789,20,18,6.7,187,501,1806,22,3.6,112,118,998,19,233.0,4091.0,952.0,4.3,53.0,17.0,243.0,219.0,480.0,2489.0,12.0,36.0,4.8,132.0,435.0,1602.0,10.0,3.7,85.0,91.0,753.0,26.0,0,0
2,Seattle Seahawks,1988,0,1,0,0,1,339,4842,983,4.9,34,14,291,245,437,2756,22,20,5.9,139,517,2086,14,4.0,125,89,790,27,329.0,5639.0,1040.0,5.4,40.0,18.0,321.0,280.0,501.0,3353.0,21.0,22.0,6.3,171.0,509.0,2286.0,14.0,4.5,134.0,111.0,861.0,16.0,0,0
3,Buffalo Bills,1988,0,1,1,0,2,329,5315,1012,5.3,33,16,313,271,454,3182,15,17,6.6,161,528,2133,15,4.0,137,109,824,15,237.0,4578.0,971.0,4.7,32.0,17.0,299.0,250.0,448.0,2724.0,14.0,15.0,5.5,146.0,477.0,1854.0,14.0,3.9,114.0,90.0,713.0,39.0,1,0
5,Philadelphia Eagles,1988,0,1,0,0,1,379,5430,1102,4.9,26,9,318,309,581,3485,25,17,5.5,179,464,1945,17,4.2,105,115,907,34,319.0,5799.0,1086.0,5.3,44.0,12.0,311.0,309.0,578.0,4147.0,23.0,32.0,6.7,199.0,466.0,1652.0,11.0,3.5,85.0,115.0,897.0,27.0,0,0
6,Chicago Bears,1988,0,1,1,0,2,312,5317,1040,5.1,34,19,303,248,461,2998,13,15,6.2,134,555,2319,25,4.2,137,88,644,32,215.0,4360.0,977.0,4.5,35.0,9.0,264.0,245.0,545.0,3034.0,18.0,26.0,5.2,158.0,389.0,1326.0,5.0,3.4,76.0,102.0,804.0,30.0,1,0
8,Los Angeles Rams,1988,1,0,0,0,1,407,5808,1057,5.5,34,16,333,312,522,3805,31,18,6.9,203,507,2003,16,4.0,114,78,587,16,293.0,4986.0,1041.0,4.8,37.0,15.0,289.0,307.0,571.0,3300.0,17.0,22.0,5.3,166.0,414.0,1686.0,12.0,4.1,100.0,111.0,937.0,23.0,0,0
9,Cleveland Browns,1988,1,0,0,0,1,304,5011,1013,4.9,33,16,294,313,537,3436,19,17,6.0,177,440,1575,10,3.6,93,110,875,24,288.0,4767.0,1009.0,4.7,31.0,11.0,301.0,245.0,474.0,2847.0,13.0,20.0,5.6,162.0,498.0,1920.0,13.0,3.9,114.0,100.0,789.0,25.0,0,0
10,Houston Oilers,1988,1,1,0,0,2,424,5205,1010,5.2,35,17,308,218,428,2956,21,18,6.5,148,558,2249,26,4.0,141,125,1150,19,365.0,4858.0,985.0,4.9,42.0,20.0,304.0,281.0,512.0,3266.0,22.0,22.0,5.9,170.0,431.0,1592.0,20.0,3.7,94.0,118.0,947.0,40.0,0,0
12,Cincinnati Bengals,1988,0,1,1,1,3,448,6057,985,6.1,27,13,351,225,392,3347,28,14,7.9,165,563,2710,27,4.8,159,82,647,27,329.0,5182.0,1059.0,4.9,36.0,14.0,322.0,283.0,524.0,3134.0,19.0,22.0,5.5,177.0,493.0,2048.0,18.0,4.2,126.0,95.0,873.0,19.0,1,1
15,San Francisco 49ers,1988,0,1,1,1,3,369,5900,1076,5.5,26,12,326,293,502,3377,21,14,6.2,167,527,2523,18,4.8,141,115,986,18,294.0,4575.0,1013.0,4.5,38.0,16.0,277.0,292.0,530.0,2987.0,25.0,22.0,5.2,160.0,441.0,1588.0,8.0,3.6,90.0,76.0,603.0,27.0,1,1
18,Minnesota Vikings,1989,0,1,0,0,1,351,5255,1053,5.0,33,14,326,272,499,3189,17,19,5.9,172,514,2066,12,4.0,126,119,974,28,275.0,4184.0,1021.0,4.1,36.0,18.0,266.0,252.0,488.0,2501.0,18.0,18.0,4.5,140.0,462.0,1683.0,14.0,3.6,100.0,116.0,903.0,26.0,0,0
19,New York Giants,1989,0,1,0,0,1,348,4963,1046,4.7,30,14,298,248,444,3074,17,16,6.3,157,556,1889,17,3.4,118,83,675,23,252.0,4664.0,946.0,4.9,37.0,15.0,266.0,273.0,486.0,3125.0,16.0,22.0,6.0,159.0,421.0,1539.0,10.0,3.7,90.0,109.0,800.0,17.0,0,0
20,San Francisco 49ers,1989,0,1,1,1,3,442,6268,1021,6.1,25,14,350,339,483,4302,35,11,8.1,209,493,1966,14,4.0,124,109,922,17,253.0,4618.0,979.0,4.7,37.0,16.0,283.0,316.0,564.0,3235.0,15.0,21.0,5.3,178.0,372.0,1383.0,9.0,3.7,76.0,75.0,581.0,29.0,1,1
23,Cleveland Browns,1989,0,1,1,0,2,334,5042,1011,5.0,30,15,285,309,529,3433,20,15,6.1,161,448,1609,14,3.6,101,128,973,23,254.0,4831.0,1031.0,4.7,38.0,11.0,276.0,269.0,540.0,3161.0,20.0,27.0,5.4,161.0,446.0,1670.0,8.0,3.7,93.0,122.0,985.0,22.0,1,0
25,Philadelphia Eagles,1989,1,0,0,0,1,342,5320,1123,4.7,32,16,321,294,538,3112,23,16,5.3,171,540,2208,14,4.1,120,114,938,30,274.0,4894.0,1017.0,4.8,56.0,26.0,281.0,258.0,529.0,3289.0,26.0,30.0,5.6,171.0,426.0,1605.0,6.0,3.8,81.0,118.0,956.0,29.0,0,0
26,Pittsburgh Steelers,1989,1,1,0,0,2,265,3996,955,4.2,31,18,244,210,404,2178,10,13,4.8,117,500,1818,17,3.6,106,116,986,21,326.0,5549.0,1077.0,5.2,42.0,21.0,323.0,290.0,548.0,3541.0,17.0,21.0,6.1,177.0,498.0,2008.0,16.0,4.0,112.0,96.0,785.0,34.0,0,0
28,Los Angeles Rams,1989,1,1,1,0,3,426,6042,1027,5.9,29,11,321,308,523,4133,29,18,7.4,197,472,1909,19,4.0,107,102,823,17,344.0,5567.0,1023.0,5.4,36.0,15.0,306.0,345.0,577.0,4024.0,24.0,21.0,6.5,181.0,404.0,1543.0,13.0,3.8,101.0,93.0,798.0,24.0,1,0
31,Buffalo Bills,1989,0,1,0,0,1,409,5853,1045,5.6,41,21,334,281,478,3589,32,20,7.0,177,532,2264,15,4.3,136,103,831,21,317.0,5046.0,1030.0,4.9,36.0,13.0,299.0,255.0,508.0,3206.0,14.0,23.0,5.9,156.0,484.0,1840.0,15.0,3.8,117.0,87.0,616.0,26.0,0,0
32,Denver Broncos,1989,0,1,1,1,3,362,5093,1071,4.8,32,12,308,256,474,3001,21,20,5.8,163,554,2092,15,3.8,125,83,594,20,226.0,4407.0,977.0,4.5,43.0,22.0,246.0,268.0,504.0,2827.0,13.0,21.0,5.1,142.0,426.0,1580.0,10.0,3.7,90.0,102.0,823.0,14.0,1,1
35,Houston Oilers,1989,1,0,0,0,1,365,5427,1028,5.3,33,17,327,295,496,3499,23,16,6.6,185,495,1928,16,3.9,112,149,1153,30,412.0,5211.0,940.0,5.5,37.0,16.0,314.0,269.0,467.0,3542.0,28.0,21.0,7.0,165.0,437.0,1669.0,20.0,3.8,119.0,109.0,903.0,30.0,0,0
36,Houston Oilers,1990,1,0,0,0,1,405,6222,1006,6.2,36,21,376,399,639,4805,37,15,7.1,251,328,1417,10,4.3,97,135,1009,28,307.0,4635.0,890.0,5.2,33.0,12.0,279.0,267.0,460.0,3060.0,18.0,21.0,6.1,160.0,392.0,1575.0,12.0,4.0,88.0,134.0,1015.0,31.0,0,0
37,Philadelphia Eagles,1990,1,0,0,0,1,396,5700,1069,5.3,28,15,325,281,479,3144,34,13,5.9,170,540,2556,10,4.7,132,120,981,23,299.0,4660.0,948.0,4.9,30.0,11.0,251.0,273.0,566.0,3491.0,23.0,19.0,5.7,169.0,337.0,1169.0,9.0,3.5,59.0,94.0,706.0,23.0,0,0
38,New Orleans Saints,1990,1,0,0,0,1,274,4476,931,4.8,39,16,253,226,447,2626,15,23,5.6,133,464,1850,14,4.0,107,108,829,13,275.0,4878.0,986.0,4.9,27.0,19.0,279.0,316.0,534.0,3319.0,21.0,8.0,5.8,167.0,410.0,1559.0,8.0,3.8,91.0,87.0,655.0,21.0,0,0
39,Kansas City Chiefs,1990,1,0,0,0,1,369,5215,975,5.3,19,14,280,260,449,3267,23,5,6.9,153,504,1948,11,3.9,104,111,886,23,257.0,4881.0,945.0,5.2,45.0,25.0,268.0,267.0,512.0,3241.0,16.0,20.0,5.7,164.0,373.0,1640.0,12.0,4.4,85.0,122.0,859.0,19.0,0,0
40,New York Giants,1990,0,1,1,1,3,335,4805,968,5.0,14,9,273,231,398,2756,18,5,6.5,135,541,2049,17,3.8,120,83,655,18,211.0,4206.0,914.0,4.6,34.0,11.0,245.0,278.0,496.0,2747.0,12.0,23.0,5.2,139.0,388.0,1459.0,9.0,3.8,90.0,83.0,569.0,16.0,1,1
43,Chicago Bears,1990,1,1,0,0,2,348,4980,1024,4.9,26,14,295,229,430,2544,14,12,5.4,134,551,2436,22,4.4,142,75,615,19,280.0,4492.0,927.0,4.8,45.0,14.0,256.0,258.0,495.0,2920.0,19.0,31.0,5.4,147.0,391.0,1572.0,10.0,4.0,91.0,84.0,676.0,18.0,0,0
45,Cincinnati Bengals,1990,1,1,0,0,2,360,5063,943,5.4,35,12,277,237,425,2943,25,23,6.4,151,484,2120,16,4.4,107,83,627,19,352.0,5605.0,1010.0,5.5,31.0,16.0,308.0,300.0,543.0,3520.0,24.0,15.0,6.2,180.0,442.0,2085.0,15.0,4.7,116.0,101.0,824.0,12.0,0,0
47,Washington Redskins,1990,1,1,0,0,2,381,5562,1073,5.2,28,6,327,301,536,3479,22,22,6.2,193,515,2083,16,4.0,117,102,824,17,301.0,4730.0,941.0,5.0,33.0,12.0,267.0,281.0,514.0,3143.0,21.0,21.0,5.6,166.0,382.0,1587.0,8.0,4.2,77.0,90.0,712.0,24.0,0,0
49,Buffalo Bills,1990,0,1,1,1,3,428,5276,931,5.7,21,10,302,263,425,3196,28,11,7.1,161,479,2080,20,4.3,123,92,683,18,263.0,4607.0,981.0,4.7,35.0,17.0,288.0,254.0,455.0,2799.0,17.0,18.0,5.6,159.0,483.0,1808.0,13.0,3.7,105.0,107.0,839.0,24.0,1,1
52,Los Angeles Raiders,1990,0,1,1,0,2,337,4716,861,5.5,24,14,258,183,336,2688,19,10,7.4,133,496,2028,20,4.1,110,97,682,15,268.0,4413.0,924.0,4.8,22.0,9.0,266.0,246.0,437.0,2697.0,20.0,13.0,5.6,152.0,439.0,1716.0,4.0,3.9,95.0,86.0,710.0,19.0,1,0
54,San Francisco 49ers,1990,0,1,1,0,2,353,5895,1074,5.5,30,14,324,360,583,4177,28,16,6.7,201,454,1718,12,3.8,107,104,828,16,239.0,4273.0,919.0,4.6,31.0,14.0,250.0,265.0,522.0,3015.0,17.0,17.0,5.3,157.0,353.0,1258.0,7.0,3.6,77.0,85.0,641.0,16.0,1,0
56,Miami Dolphins,1990,1,1,0,0,2,336,5047,975,5.2,27,15,303,310,539,3512,21,12,6.3,190,420,1535,13,3.7,90,64,486,23,242.0,4547.0,968.0,4.7,27.0,8.0,268.0,257.0,462.0,2716.0,14.0,19.0,5.4,145.0,461.0,1831.0,11.0,4.0,110.0,95.0,759.0,13.0,0,0
58,New Orleans Saints,1991,1,0,0,0,1,341,4968,1008,4.9,30,15,267,292,506,3259,20,15,6.2,157,483,1709,15,3.5,93,101,801,17,211.0,3933.0,875.0,4.5,48.0,19.0,214.0,259.0,491.0,2720.0,12.0,29.0,5.0,139.0,334.0,1213.0,6.0,3.6,63.0,95.0,711.0,12.0,0,0
59,Houston Oilers,1991,1,1,0,0,2,386,5987,1022,5.9,40,19,353,411,667,4621,24,21,6.7,236,331,1366,16,4.1,99,99,784,18,251.0,4748.0,984.0,4.8,38.0,18.0,280.0,310.0,532.0,3208.0,17.0,20.0,5.6,163.0,407.0,1540.0,8.0,3.8,94.0,109.0,797.0,23.0,0,0
61,Los Angeles Raiders,1991,1,0,0,0,1,298,4425,893,5.0,31,13,248,220,414,2719,20,18,6.1,132,446,1706,8,3.8,97,117,1013,19,297.0,5165.0,1002.0,5.2,31.0,13.0,305.0,295.0,513.0,3276.0,18.0,18.0,5.9,176.0,447.0,1889.0,13.0,4.2,108.0,111.0,905.0,21.0,0,0
62,New York Jets,1991,1,0,0,0,1,314,5316,1059,5.0,25,13,331,295,503,3156,12,12,5.9,169,523,2160,17,4.1,133,103,814,29,293.0,4981.0,954.0,5.2,37.0,19.0,298.0,331.0,540.0,3539.0,21.0,18.0,6.2,185.0,379.0,1442.0,8.0,3.8,94.0,93.0,774.0,19.0,0,0
63,Kansas City Chiefs,1991,1,1,0,0,2,322,5321,1021,5.2,22,8,322,284,479,3104,19,14,6.2,172,521,2217,14,4.3,127,94,724,23,252.0,4998.0,927.0,5.4,33.0,18.0,275.0,279.0,471.0,3228.0,17.0,15.0,6.3,168.0,417.0,1770.0,8.0,4.2,88.0,110.0,827.0,19.0,0,0
65,Detroit Lions,1991,0,1,1,0,2,339,4788,938,5.1,30,13,280,252,459,2858,16,17,5.9,148,454,1930,19,4.3,116,93,799,16,295.0,5046.0,1008.0,5.0,36.0,17.0,305.0,315.0,534.0,3286.0,16.0,19.0,5.8,189.0,444.0,1760.0,16.0,4.0,93.0,94.0,704.0,23.0,1,0
67,Atlanta Falcons,1991,1,1,0,0,2,361,5113,940,5.4,36,14,258,260,499,3449,30,22,6.5,162,410,1664,6,4.1,82,113,929,14,338.0,5248.0,976.0,5.4,35.0,16.0,278.0,252.0,481.0,3295.0,28.0,19.0,6.5,157.0,466.0,1953.0,13.0,4.2,94.0,100.0,802.0,27.0,0,0
69,Chicago Bears,1991,1,0,0,0,1,299,5069,1025,4.9,33,16,317,286,497,3120,16,17,6.0,168,502,1949,18,3.9,120,80,662,29,269.0,4507.0,942.0,4.8,30.0,13.0,254.0,286.0,513.0,2927.0,19.0,17.0,5.3,164.0,389.0,1580.0,9.0,4.1,77.0,94.0,891.0,13.0,0,0
70,Dallas Cowboys,1991,1,1,0,0,2,342,5101,971,5.3,24,12,304,305,500,3390,16,12,6.3,191,433,1711,15,4.0,89,74,610,24,310.0,5066.0,963.0,5.3,23.0,11.0,299.0,320.0,540.0,3495.0,17.0,12.0,6.2,180.0,400.0,1571.0,11.0,3.9,103.0,97.0,801.0,16.0,0,0
72,Denver Broncos,1991,0,1,1,0,2,304,5012,1012,5.0,25,13,284,246,459,2997,13,12,5.9,150,507,2015,16,4.0,117,94,715,17,235.0,4549.0,939.0,4.8,33.0,10.0,242.0,246.0,476.0,2755.0,12.0,23.0,5.2,147.0,411.0,1794.0,8.0,4.4,81.0,105.0,848.0,14.0,1,0
74,Washington Redskins,1991,0,1,1,1,3,485,5741,996,5.8,23,12,302,261,447,3692,30,11,8.1,179,540,2049,21,3.8,107,90,798,16,224.0,4293.0,946.0,4.5,41.0,14.0,242.0,292.0,548.0,2947.0,13.0,27.0,4.9,151.0,348.0,1346.0,11.0,3.9,72.0,94.0,767.0,19.0,1,1
77,Buffalo Bills,1991,0,1,1,1,3,458,6252,1056,5.9,35,16,359,332,516,3871,39,19,7.0,208,505,2381,16,4.7,128,113,865,23,318.0,5458.0,1086.0,5.0,37.0,14.0,335.0,299.0,536.0,3414.0,12.0,23.0,6.0,166.0,519.0,2044.0,20.0,3.9,138.0,110.0,938.0,31.0,1,1
80,San Diego Chargers,1992,1,1,0,0,2,335,5221,1018,5.1,33,12,302,282,496,3346,16,21,6.3,161,489,1875,18,3.8,118,91,813,23,241.0,4227.0,907.0,4.7,36.0,11.0,250.0,271.0,491.0,2832.0,17.0,25.0,5.2,157.0,365.0,1395.0,10.0,3.8,80.0,98.0,798.0,13.0,0,0
82,Philadelphia Eagles,1992,1,1,0,0,2,354,4980,1009,4.9,28,15,292,255,429,2592,20,13,5.3,138,516,2388,19,4.6,138,101,807,16,245.0,4412.0,959.0,4.6,37.0,13.0,242.0,263.0,517.0,2931.0,20.0,24.0,5.1,146.0,387.0,1481.0,4.0,3.8,73.0,86.0,683.0,23.0,0,0
84,Houston Oilers,1992,1,0,0,0,1,352,5655,958,5.9,35,12,339,373,573,4029,27,23,6.7,217,353,1626,10,4.6,101,111,824,21,258.0,4211.0,907.0,4.6,31.0,11.0,254.0,248.0,445.0,2577.0,20.0,20.0,5.2,139.0,412.0,1634.0,6.0,4.0,93.0,114.0,886.0,22.0,0,0
85,Kansas City Chiefs,1992,1,0,0,0,1,348,4324,907,4.8,21,9,246,230,413,2792,15,12,6.1,134,446,1532,14,3.4,87,82,675,25,282.0,4324.0,949.0,4.6,39.0,15.0,256.0,253.0,458.0,2537.0,19.0,24.0,5.0,145.0,441.0,1787.0,12.0,4.1,97.0,124.0,959.0,14.0,0,0
86,Pittsburgh Steelers,1992,0,1,0,0,1,299,4906,989,5.0,32,18,284,249,431,2750,15,14,5.8,143,518,2156,13,4.2,119,106,941,22,225.0,4658.0,949.0,4.9,43.0,21.0,266.0,252.0,478.0,2817.0,15.0,22.0,5.5,146.0,435.0,1841.0,6.0,4.2,99.0,104.0,814.0,21.0,0,0
87,Miami Dolphins,1992,0,1,1,0,2,340,5500,998,5.5,34,17,316,332,563,3975,24,17,6.7,194,407,1525,9,3.7,101,86,656,21,281.0,4583.0,976.0,4.7,32.0,14.0,273.0,294.0,512.0,2983.0,16.0,18.0,5.4,168.0,428.0,1600.0,9.0,3.7,92.0,89.0,679.0,13.0,1,0
89,Washington Redskins,1992,1,1,0,0,2,300,4890,991,4.9,24,7,276,272,485,3163,15,17,6.2,160,483,1727,10,3.6,104,84,741,12,255.0,4438.0,911.0,4.9,34.0,11.0,249.0,258.0,466.0,2742.0,15.0,23.0,5.4,138.0,406.0,1696.0,11.0,4.2,89.0,85.0,709.0,22.0,0,0
91,San Francisco 49ers,1992,0,1,1,0,2,431,6195,994,6.2,22,13,344,319,480,3880,29,9,7.6,192,482,2315,22,4.8,135,80,636,17,236.0,4787.0,943.0,5.1,29.0,12.0,277.0,320.0,551.0,3369.0,20.0,17.0,5.7,174.0,351.0,1418.0,5.0,4.0,90.0,79.0,651.0,13.0,1,0
93,Minnesota Vikings,1992,1,0,0,0,1,374,4899,995,4.9,32,17,288,258,458,2869,18,15,5.8,157,497,2030,19,4.1,115,99,809,16,249.0,4515.0,997.0,4.5,42.0,14.0,293.0,320.0,508.0,2782.0,12.0,28.0,5.0,154.0,438.0,1733.0,11.0,4.0,113.0,98.0,768.0,26.0,0,0
94,New Orleans Saints,1992,1,0,0,0,1,330,4806,895,5.4,29,13,267,251,426,3178,19,16,7.2,155,454,1628,10,3.6,92,60,567,20,202.0,4075.0,949.0,4.3,38.0,20.0,246.0,287.0,511.0,2470.0,13.0,18.0,4.3,146.0,381.0,1605.0,8.0,4.2,86.0,77.0,729.0,14.0,0,0
95,Dallas Cowboys,1992,0,1,1,1,3,409,5606,1014,5.5,24,9,324,314,491,3485,23,15,6.8,183,500,2121,20,4.2,119,91,650,22,243.0,3931.0,873.0,4.5,31.0,14.0,241.0,263.0,484.0,2687.0,16.0,17.0,5.1,147.0,345.0,1244.0,11.0,3.6,68.0,94.0,727.0,26.0,1,1
98,Buffalo Bills,1992,1,1,1,1,4,381,5893,1087,5.4,38,17,350,293,509,3457,23,21,6.4,192,549,2436,18,4.4,133,103,775,25,283.0,4604.0,991.0,4.6,35.0,12.0,278.0,305.0,520.0,3209.0,19.0,23.0,5.7,185.0,427.0,1395.0,8.0,3.3,77.0,118.0,933.0,16.0,1,1
102,Los Angeles Raiders,1993,1,1,0,0,2,306,5014,978,5.1,25,11,292,281,495,3589,17,14,6.6,168,433,1425,10,3.3,95,148,1181,29,326.0,4723.0,996.0,4.7,23.0,9.0,302.0,258.0,457.0,2858.0,17.0,14.0,5.7,154.0,494.0,1865.0,17.0,3.8,111.0,105.0,801.0,37.0,0,0
104,Green Bay Packers,1993,1,1,0,0,2,340,4750,1006,4.7,34,10,282,322,528,3131,19,24,5.6,166,448,1619,14,3.6,98,85,734,18,282.0,4482.0,999.0,4.5,33.0,15.0,261.0,290.0,529.0,2900.0,16.0,18.0,5.0,157.0,424.0,1582.0,6.0,3.7,88.0,85.0,712.0,16.0,0,0
106,New York Giants,1993,1,1,0,0,2,288,5145,1024,5.0,17,8,300,257,424,2935,17,9,6.3,153,560,2210,11,3.9,127,90,596,20,205.0,4663.0,950.0,4.9,28.0,10.0,268.0,298.0,514.0,3116.0,13.0,18.0,5.6,161.0,395.0,1547.0,7.0,3.9,89.0,98.0,820.0,18.0,0,0
108,Pittsburgh Steelers,1993,1,0,0,0,1,308,5235,1079,4.9,27,15,307,299,540,3232,16,12,5.5,180,491,2003,13,4.1,116,100,861,11,281.0,4531.0,962.0,4.7,38.0,14.0,267.0,277.0,521.0,3163.0,16.0,24.0,5.6,163.0,399.0,1368.0,6.0,3.4,74.0,77.0,652.0,30.0,0,0
109,Denver Broncos,1993,1,0,0,0,1,373,5461,1060,5.2,28,18,327,350,553,3768,27,10,6.4,187,468,1693,13,3.6,105,112,822,35,284.0,5149.0,1005.0,5.1,31.0,13.0,280.0,314.0,562.0,3731.0,21.0,18.0,6.1,181.0,397.0,1418.0,6.0,3.6,86.0,128.0,1019.0,13.0,0,0
110,Minnesota Vikings,1993,1,0,0,0,1,277,4824,1008,4.8,24,10,283,315,526,3200,18,14,5.7,182,447,1624,8,3.6,85,109,806,16,290.0,4406.0,938.0,4.7,34.0,10.0,259.0,310.0,478.0,2870.0,11.0,24.0,5.5,139.0,415.0,1536.0,14.0,3.7,98.0,97.0,768.0,22.0,0,0
111,Houston Oilers,1993,0,1,0,0,1,368,5658,1066,5.3,45,20,330,357,614,3866,23,25,5.9,208,409,1792,11,4.4,101,132,1005,21,238.0,4874.0,1003.0,4.9,43.0,17.0,289.0,302.0,582.0,3601.0,16.0,26.0,5.7,184.0,369.0,1273.0,9.0,3.4,73.0,103.0,791.0,32.0,0,0
112,Kansas City Chiefs,1993,1,1,1,0,3,328,4835,970,5.0,28,18,300,287,490,3180,20,10,6.1,180,445,1655,14,3.7,94,121,969,26,291.0,4771.0,1013.0,4.7,38.0,17.0,300.0,312.0,525.0,3151.0,18.0,21.0,5.6,161.0,453.0,1620.0,11.0,3.6,103.0,127.0,1015.0,36.0,1,0
115,Dallas Cowboys,1993,0,1,1,1,3,376,5615,994,5.6,22,16,322,317,475,3454,18,6,6.9,172,490,2161,20,4.4,120,94,744,30,229.0,4767.0,1012.0,4.7,28.0,14.0,297.0,334.0,555.0,3116.0,14.0,14.0,5.3,176.0,423.0,1651.0,7.0,3.9,94.0,87.0,653.0,27.0,1,1
118,Detroit Lions,1993,1,0,0,0,1,298,4658,937,5.0,32,13,248,264,435,2714,15,19,5.6,139,456,1944,9,4.3,101,93,665,8,292.0,4669.0,990.0,4.7,35.0,16.0,279.0,309.0,514.0,3020.0,19.0,19.0,5.4,154.0,433.0,1649.0,12.0,3.8,108.0,73.0,500.0,17.0,0,0
119,San Francisco 49ers,1993,0,1,1,0,2,473,6435,1022,6.3,30,13,372,354,524,4302,29,17,7.7,212,463,2133,26,4.6,134,95,800,26,295.0,4997.0,1012.0,4.9,30.0,11.0,297.0,314.0,564.0,3197.0,23.0,19.0,5.3,171.0,404.0,1800.0,6.0,4.5,109.0,99.0,743.0,17.0,1,0
121,Buffalo Bills,1993,0,1,1,1,3,329,5260,1078,4.9,35,17,316,304,497,3317,20,18,6.3,176,550,1943,12,3.5,117,94,630,23,242.0,5554.0,1119.0,5.0,47.0,24.0,331.0,323.0,582.0,3633.0,18.0,23.0,5.9,199.0,500.0,1921.0,7.0,3.8,114.0,99.0,681.0,18.0,1,1
124,Chicago Bears,1994,1,1,0,0,2,271,4679,1014,4.6,26,10,274,308,502,3091,19,16,5.9,165,487,1588,10,3.3,88,65,503,21,307.0,5009.0,982.0,5.1,22.0,10.0,275.0,295.0,522.0,3087.0,16.0,12.0,5.6,163.0,432.0,1922.0,10.0,4.4,100.0,80.0,645.0,12.0,0,0
126,San Francisco 49ers,1994,0,1,1,1,3,505,6060,1037,5.8,24,13,362,359,511,4163,37,11,7.6,210,491,1897,23,3.9,122,109,890,30,296.0,4839.0,996.0,4.9,35.0,12.0,285.0,329.0,583.0,3501.0,15.0,23.0,5.6,182.0,375.0,1338.0,16.0,3.6,82.0,108.0,912.0,21.0,1,1
129,New England Patriots,1994,1,0,0,0,1,351,5776,1199,4.8,38,11,348,405,699,4444,25,27,6.2,243,478,1332,12,2.8,83,78,597,22,312.0,5207.0,1006.0,5.2,40.0,18.0,280.0,298.0,545.0,3447.0,21.0,22.0,5.9,173.0,422.0,1760.0,11.0,4.2,86.0,110.0,795.0,21.0,0,0
130,Kansas City Chiefs,1994,1,0,0,0,1,319,5692,1098,5.2,26,12,322,366,615,3960,20,14,6.2,211,464,1732,12,3.7,97,127,911,14,298.0,5000.0,989.0,5.1,38.0,26.0,289.0,300.0,504.0,3266.0,23.0,12.0,6.0,164.0,446.0,1734.0,11.0,3.9,93.0,119.0,925.0,32.0,0,0
131,Detroit Lions,1994,1,0,0,0,1,357,5002,891,5.6,24,10,280,250,459,2922,24,14,6.0,164,406,2080,12,5.1,94,109,781,22,342.0,5405.0,1086.0,5.0,23.0,11.0,326.0,370.0,547.0,3546.0,21.0,12.0,6.2,169.0,511.0,1859.0,15.0,3.6,131.0,130.0,1036.0,26.0,0,0
132,San Diego Chargers,1994,0,1,1,1,3,381,5220,1033,5.1,23,9,311,305,522,3368,20,14,6.1,181,482,1852,13,3.8,102,96,875,28,306.0,5062.0,1005.0,5.0,32.0,15.0,308.0,363.0,577.0,3658.0,20.0,17.0,5.9,191.0,385.0,1404.0,11.0,3.6,89.0,109.0,989.0,28.0,1,1
135,Minnesota Vikings,1994,1,0,0,0,1,356,5848,1123,5.2,34,14,325,409,673,4324,18,20,6.1,215,419,1524,11,3.6,92,112,880,18,314.0,4742.0,988.0,4.8,34.0,16.0,287.0,368.0,597.0,3652.0,25.0,18.0,5.8,195.0,355.0,1090.0,9.0,3.1,65.0,83.0,614.0,27.0,0,0
136,Miami Dolphins,1994,1,1,0,0,2,389,6078,1078,5.6,32,14,344,392,627,4420,31,18,6.9,220,433,1658,13,3.8,109,92,747,15,327.0,5224.0,1000.0,5.2,32.0,9.0,305.0,334.0,577.0,3794.0,23.0,23.0,6.3,195.0,394.0,1430.0,14.0,3.6,85.0,82.0,653.0,25.0,0,0
138,Pittsburgh Steelers,1994,0,1,1,0,2,316,5144,1048,4.9,17,8,307,266,463,2964,17,9,5.9,148,546,2180,15,4.0,138,119,974,21,234.0,4326.0,1008.0,4.3,31.0,14.0,262.0,280.0,532.0,2874.0,12.0,17.0,4.9,156.0,421.0,1452.0,7.0,3.4,76.0,91.0,763.0,30.0,1,0
140,Green Bay Packers,1994,1,1,0,0,2,382,5316,1059,5.0,22,8,314,375,609,3773,33,14,5.9,205,417,1543,11,3.7,88,85,760,21,287.0,4764.0,1023.0,4.7,33.0,12.0,281.0,337.0,605.0,3401.0,20.0,21.0,5.3,182.0,381.0,1363.0,9.0,3.6,82.0,82.0,675.0,17.0,0,0
142,Cleveland Browns,1994,1,1,0,0,2,340,4832,970,5.0,35,14,273,266,507,3175,20,21,6.1,161,449,1657,12,3.7,80,113,969,32,204.0,4826.0,1090.0,4.4,31.0,13.0,304.0,325.0,587.0,3157.0,13.0,18.0,5.1,173.0,465.0,1669.0,9.0,3.6,98.0,129.0,1139.0,33.0,0,0
144,Dallas Cowboys,1994,0,1,1,0,2,414,5321,1018,5.2,24,10,322,282,448,3368,19,14,7.2,160,550,1953,26,3.6,136,100,895,26,248.0,4313.0,1006.0,4.3,31.0,9.0,273.0,269.0,522.0,2752.0,19.0,22.0,4.8,157.0,437.0,1561.0,8.0,3.6,86.0,102.0,826.0,30.0,1,0
146,San Francisco 49ers,1995,0,1,0,0,1,457,6087,1092,5.6,28,12,355,432,644,4608,29,16,6.8,231,415,1479,19,3.6,109,88,711,15,258.0,4398.0,999.0,4.4,34.0,8.0,264.0,330.0,611.0,3337.0,19.0,26.0,5.1,192.0,348.0,1061.0,5.0,3.0,57.0,74.0,556.0,15.0,0,0
147,Buffalo Bills,1995,1,1,0,0,2,350,5117,1059,4.8,26,12,300,279,506,3124,24,14,5.8,142,521,1993,10,3.8,130,89,672,28,335.0,5128.0,1084.0,4.7,28.0,11.0,287.0,310.0,582.0,3502.0,14.0,17.0,5.5,180.0,453.0,1626.0,16.0,3.6,93.0,115.0,890.0,14.0,0,0
149,Green Bay Packers,1995,1,1,1,0,3,404,5750,1036,5.6,21,6,339,372,593,4322,39,15,6.9,235,410,1428,9,3.5,84,85,604,20,314.0,5155.0,1029.0,5.0,16.0,3.0,303.0,351.0,616.0,3640.0,25.0,13.0,5.6,188.0,374.0,1515.0,12.0,4.1,99.0,98.0,738.0,16.0,1,0
152,San Diego Chargers,1995,1,0,0,0,1,321,5213,1051,5.0,30,12,314,318,540,3466,17,18,6.1,185,479,1747,14,3.6,108,107,953,21,323.0,5074.0,1020.0,5.0,27.0,10.0,313.0,321.0,543.0,3383.0,16.0,17.0,5.8,178.0,441.0,1691.0,15.0,3.8,112.0,117.0,951.0,23.0,0,0
153,Dallas Cowboys,1995,0,1,1,1,3,435,5824,1007,5.8,23,13,364,322,494,3623,18,10,7.1,195,495,2201,29,4.4,141,90,695,28,291.0,5044.0,1001.0,5.0,25.0,6.0,303.0,293.0,523.0,3272.0,17.0,19.0,5.9,165.0,442.0,1772.0,13.0,4.0,113.0,112.0,913.0,25.0,1,1
156,Philadelphia Eagles,1995,1,1,0,0,2,318,4807,1050,4.6,36,17,290,284,496,2686,11,19,5.0,145,508,2121,19,4.2,126,112,838,19,338.0,4638.0,1013.0,4.6,38.0,19.0,281.0,268.0,499.0,2816.0,14.0,19.0,5.1,154.0,466.0,1822.0,14.0,3.9,102.0,87.0,727.0,25.0,0,0
158,Pittsburgh Steelers,1995,0,1,1,1,3,407,5769,1110,5.2,34,13,344,348,592,3917,21,21,6.4,193,494,1852,17,3.7,117,109,839,34,327.0,4561.0,943.0,4.8,34.0,12.0,272.0,314.0,531.0,3240.0,24.0,22.0,5.7,181.0,370.0,1321.0,9.0,3.6,67.0,101.0,931.0,24.0,1,1
161,Indianapolis Colts,1995,1,1,1,0,3,331,4919,961,5.1,22,11,281,270,434,3064,20,11,6.3,147,478,1855,14,3.9,110,97,943,24,316.0,5027.0,1016.0,4.9,26.0,13.0,304.0,336.0,569.0,3570.0,23.0,13.0,6.0,182.0,418.0,1457.0,8.0,3.5,92.0,111.0,935.0,30.0,1,0
164,Miami Dolphins,1995,1,0,0,0,1,398,5716,1034,5.5,32,12,345,384,592,4210,28,20,6.8,225,413,1506,16,3.6,98,110,907,22,332.0,5244.0,1000.0,5.2,30.0,16.0,309.0,327.0,556.0,3569.0,30.0,14.0,6.1,192.0,415.0,1675.0,7.0,4.0,93.0,82.0,739.0,24.0,0,0
165,Detroit Lions,1995,1,0,0,0,1,436,6113,1024,6.0,25,13,349,362,605,4360,33,12,6.8,230,387,1753,16,4.5,91,134,1032,28,336.0,5599.0,1031.0,5.4,35.0,13.0,350.0,354.0,580.0,3804.0,17.0,22.0,6.1,201.0,409.0,1795.0,15.0,4.4,110.0,120.0,1001.0,39.0,0,0
166,Atlanta Falcons,1995,1,0,0,0,1,362,5579,983,5.7,21,9,317,364,603,4186,26,12,6.5,216,337,1393,8,4.1,85,96,737,16,349.0,6088.0,1084.0,5.6,30.0,12.0,340.0,405.0,650.0,4541.0,28.0,18.0,6.7,230.0,404.0,1547.0,12.0,3.8,96.0,94.0,688.0,14.0,0,0
167,Kansas City Chiefs,1995,0,1,0,0,1,358,5242,1059,4.9,21,11,295,300,531,3020,21,10,5.5,164,507,2222,14,4.4,113,116,851,18,241.0,4549.0,1047.0,4.3,33.0,17.0,289.0,329.0,596.0,3222.0,16.0,16.0,5.0,178.0,404.0,1327.0,7.0,3.3,83.0,108.0,828.0,28.0,0,0
168,Green Bay Packers,1996,0,1,1,1,3,456,5535,1053,5.3,24,11,338,328,548,3697,39,13,6.3,197,465,1838,9,4.0,118,92,714,23,210.0,4156.0,981.0,4.2,39.0,13.0,248.0,283.0,544.0,2740.0,12.0,26.0,4.7,151.0,400.0,1416.0,7.0,3.5,74.0,107.0,797.0,23.0,1,1
171,Dallas Cowboys,1996,1,1,0,0,2,286,4763,981,4.9,29,15,286,307,487,3122,12,14,6.2,163,475,1641,14,3.5,105,103,832,18,250.0,4382.0,958.0,4.6,33.0,14.0,260.0,271.0,484.0,2806.0,10.0,19.0,5.4,144.0,437.0,1576.0,10.0,3.6,89.0,94.0,717.0,27.0,0,0
173,Denver Broncos,1996,0,1,0,0,1,391,5791,1092,5.3,32,15,336,327,536,3429,26,17,6.0,180,525,2362,20,4.5,134,109,949,22,275.0,4470.0,951.0,4.7,32.0,9.0,261.0,302.0,566.0,3139.0,22.0,23.0,5.2,165.0,345.0,1331.0,5.0,3.9,67.0,119.0,834.0,29.0,0,0
174,Philadelphia Eagles,1996,1,0,0,0,1,363,5627,1076,5.2,32,14,319,328,548,3745,19,18,6.4,196,489,1882,16,3.8,107,117,963,16,341.0,4562.0,961.0,4.7,31.0,12.0,264.0,271.0,500.0,2979.0,18.0,19.0,5.5,150.0,421.0,1583.0,12.0,3.8,87.0,99.0,710.0,27.0,0,0
175,Minnesota Vikings,1996,1,0,0,0,1,298,5204,1030,5.1,32,13,284,331,561,3658,24,19,6.1,186,435,1546,7,3.6,75,106,835,23,315.0,5087.0,1025.0,5.0,35.0,13.0,309.0,314.0,537.0,3121.0,18.0,22.0,5.4,169.0,445.0,1966.0,15.0,4.4,117.0,105.0,840.0,23.0,0,0
176,Buffalo Bills,1996,1,0,0,0,1,319,5119,1094,4.7,37,13,294,279,483,3218,18,24,6.1,149,563,1901,14,3.4,128,106,831,17,266.0,4737.0,1105.0,4.3,28.0,14.0,283.0,292.0,562.0,3068.0,11.0,14.0,5.0,168.0,495.0,1669.0,12.0,3.4,94.0,86.0,607.0,21.0,0,0
177,San Francisco 49ers,1996,1,1,0,0,2,398,5506,1046,5.3,24,8,315,358,550,3659,24,16,6.2,188,454,1847,17,4.1,108,119,925,19,257.0,4661.0,1021.0,4.6,34.0,14.0,269.0,287.0,558.0,3164.0,21.0,20.0,5.2,164.0,418.0,1497.0,4.0,3.6,76.0,97.0,819.0,29.0,0,0
179,Pittsburgh Steelers,1996,1,1,0,0,2,344,5140,1002,5.1,33,14,296,246,456,2841,15,19,6.0,146,525,2299,18,4.4,138,83,665,12,257.0,4362.0,1009.0,4.3,40.0,17.0,286.0,322.0,547.0,2947.0,17.0,23.0,4.9,174.0,411.0,1415.0,7.0,3.4,80.0,97.0,746.0,32.0,0,0
181,Jacksonville Jaguars,1996,1,1,1,0,3,325,5760,1038,5.5,30,10,325,353,557,4110,19,20,6.8,208,431,1650,13,3.8,90,127,1006,27,335.0,5085.0,992.0,5.1,27.0,14.0,315.0,290.0,508.0,3304.0,24.0,13.0,6.1,180.0,447.0,1781.0,9.0,4.0,110.0,97.0,800.0,25.0,1,0
184,New England Patriots,1996,0,1,1,1,3,418,5369,1085,4.9,27,12,339,374,628,3901,27,15,5.9,206,427,1468,15,3.4,103,97,716,30,313.0,5305.0,1063.0,5.0,34.0,11.0,305.0,322.0,596.0,3803.0,17.0,23.0,6.0,178.0,434.0,1502.0,14.0,3.5,102.0,139.0,1189.0,25.0,1,1
187,Indianapolis Colts,1996,1,0,0,0,1,317,4744,1000,4.7,24,13,288,311,537,3296,16,11,5.7,172,420,1448,9,3.4,89,76,615,27,334.0,5403.0,1022.0,5.3,23.0,10.0,305.0,318.0,534.0,3643.0,25.0,13.0,6.5,189.0,459.0,1760.0,12.0,3.8,108.0,121.0,970.0,8.0,0,0
188,Carolina Panthers,1996,0,1,1,0,2,367,4812,1025,4.7,25,14,292,273,487,3083,22,11,5.9,160,502,1729,9,3.4,93,94,638,39,218.0,4776.0,990.0,4.8,38.0,16.0,251.0,307.0,556.0,3214.0,17.0,22.0,5.2,167.0,374.0,1562.0,6.0,4.2,69.0,133.0,1155.0,15.0,1,0
190,New York Giants,1997,1,0,0,0,1,307,4513,1027,4.4,19,7,273,249,474,2525,16,12,5.0,124,521,1988,14,3.8,113,116,1005,36,265.0,5067.0,1082.0,4.7,44.0,17.0,310.0,325.0,596.0,3616.0,10.0,27.0,5.6,195.0,432.0,1451.0,17.0,3.4,82.0,122.0,1056.0,33.0,0,0
191,Minnesota Vikings,1997,1,1,0,0,2,354,5354,1022,5.2,22,6,293,319,540,3313,26,16,5.8,177,449,2041,14,4.5,96,97,800,20,359.0,5687.0,1028.0,5.5,27.0,15.0,325.0,336.0,542.0,3704.0,28.0,12.0,6.3,195.0,442.0,1983.0,13.0,4.5,104.0,81.0,668.0,26.0,0,0
193,Kansas City Chiefs,1997,0,1,0,0,1,375,5064,1054,4.8,20,10,315,281,493,2893,20,10,5.5,163,529,2171,15,4.1,129,121,1035,23,232.0,4880.0,974.0,5.0,34.0,13.0,278.0,271.0,507.0,3259.0,15.0,21.0,5.8,158.0,413.0,1621.0,8.0,3.9,94.0,113.0,977.0,26.0,0,0
194,Tampa Bay Buccaneers,1997,1,1,0,0,2,299,4376,915,4.8,23,11,249,224,404,2442,21,12,5.6,134,479,1934,15,4.0,88,77,660,27,263.0,4628.0,982.0,4.7,26.0,13.0,265.0,325.0,518.0,3011.0,13.0,13.0,5.4,155.0,420.0,1617.0,10.0,3.9,96.0,93.0,814.0,14.0,0,0
196,Detroit Lions,1997,1,0,0,0,1,379,5798,1028,5.6,28,11,304,304,540,3334,19,17,5.7,166,447,2464,19,5.5,120,94,866,18,306.0,4947.0,1021.0,4.8,25.0,8.0,268.0,281.0,507.0,3114.0,15.0,17.0,5.7,152.0,471.0,1833.0,15.0,3.9,98.0,112.0,841.0,18.0,0,0
197,Miami Dolphins,1997,1,0,0,0,1,339,5135,1028,5.0,20,8,311,332,576,3792,16,12,6.3,199,430,1343,18,3.1,87,93,783,25,327.0,5364.0,1004.0,5.3,27.0,17.0,299.0,329.0,530.0,3551.0,23.0,10.0,6.3,176.0,443.0,1813.0,9.0,4.1,106.0,92.0,892.0,17.0,0,0
198,San Francisco 49ers,1997,0,1,1,0,2,375,5112,999,5.1,20,9,294,278,432,3143,20,11,6.6,167,523,1969,16,3.8,106,115,979,21,265.0,4013.0,949.0,4.2,41.0,16.0,242.0,258.0,509.0,2647.0,23.0,25.0,4.7,145.0,386.0,1366.0,5.0,3.5,67.0,91.0,742.0,30.0,1,0
200,Denver Broncos,1997,1,1,1,1,4,472,5872,1068,5.5,21,10,340,287,513,3494,27,11,6.4,172,520,2378,18,4.6,138,116,1006,30,287.0,4671.0,951.0,4.9,31.0,13.0,258.0,290.0,526.0,2868.0,20.0,18.0,5.0,145.0,381.0,1803.0,10.0,4.7,83.0,130.0,1118.0,30.0,1,1
204,Pittsburgh Steelers,1997,0,1,1,0,2,372,5542,1058,5.2,33,14,326,253,466,3063,22,19,6.3,157,572,2479,19,4.3,154,95,861,15,307.0,4705.0,1005.0,4.7,34.0,14.0,285.0,295.0,554.0,3387.0,24.0,20.0,5.6,177.0,403.0,1318.0,5.0,3.3,82.0,90.0,708.0,26.0,1,0
206,Jacksonville Jaguars,1997,1,0,0,0,1,394,5424,998,5.4,20,11,308,313,504,3704,20,9,6.8,187,454,1720,20,3.8,103,110,914,18,318.0,5238.0,1035.0,5.1,29.0,15.0,318.0,320.0,532.0,3504.0,24.0,14.0,6.0,190.0,455.0,1734.0,12.0,3.8,107.0,90.0,800.0,21.0,0,0
207,New England Patriots,1997,1,1,0,0,2,369,5014,960,5.2,22,7,267,321,532,3550,31,15,6.3,173,398,1464,6,3.7,71,99,845,23,289.0,5085.0,1100.0,4.6,32.0,13.0,322.0,368.0,619.0,3469.0,14.0,19.0,5.2,183.0,436.0,1616.0,16.0,3.7,114.0,106.0,763.0,25.0,0,0
209,Green Bay Packers,1997,0,1,1,1,3,422,5614,1008,5.6,32,16,325,309,523,3705,35,16,6.7,191,459,1909,9,4.2,103,93,718,31,282.0,4827.0,1047.0,4.6,32.0,11.0,288.0,288.0,563.0,2951.0,10.0,21.0,4.9,156.0,443.0,1876.0,16.0,4.2,105.0,114.0,945.0,27.0,1,1
212,San Francisco 49ers,1998,1,1,0,0,2,479,6800,1100,6.2,30,15,381,347,556,4256,41,15,7.0,223,491,2544,19,5.2,129,133,1156,29,328.0,5343.0,1012.0,5.3,33.0,12.0,297.0,294.0,566.0,3733.0,25.0,21.0,6.1,178.0,395.0,1610.0,13.0,4.1,91.0,101.0,800.0,28.0,0,0
214,Denver Broncos,1998,0,1,1,1,3,501,6092,1041,5.9,20,6,347,290,491,3624,32,14,7.0,186,525,2468,26,4.7,135,115,1023,26,309.0,4935.0,999.0,4.9,30.0,11.0,283.0,345.0,596.0,3648.0,28.0,19.0,5.7,183.0,356.0,1287.0,8.0,3.6,80.0,113.0,865.0,20.0,1,1
217,Dallas Cowboys,1998,1,0,0,0,1,381,5450,992,5.5,15,7,308,279,474,3436,17,8,7.0,154,499,2014,21,4.0,125,128,1106,29,275.0,5164.0,988.0,5.2,26.0,12.0,276.0,290.0,553.0,3545.0,21.0,14.0,6.0,162.0,401.0,1619.0,10.0,4.0,84.0,120.0,917.0,30.0,0,0
218,Green Bay Packers,1998,1,0,0,0,1,408,5636,1061,5.3,34,11,329,361,575,4110,33,23,6.7,210,447,1526,7,3.4,93,88,681,26,319.0,4507.0,980.0,4.6,23.0,10.0,246.0,296.0,540.0,3065.0,23.0,13.0,5.2,166.0,390.0,1442.0,7.0,3.7,67.0,94.0,828.0,13.0,0,0
219,Arizona Cardinals,1998,1,1,0,0,2,325,5109,1052,4.9,36,16,315,326,552,3482,17,20,5.8,179,450,1627,18,3.6,98,88,758,38,378.0,5265.0,1049.0,5.0,39.0,19.0,321.0,299.0,518.0,3276.0,21.0,20.0,5.9,177.0,492.0,1989.0,18.0,4.0,117.0,114.0,954.0,27.0,0,0
221,Buffalo Bills,1998,1,0,0,0,1,400,5541,1033,5.4,20,6,319,269,461,3380,28,14,6.7,176,531,2161,13,4.1,115,123,993,28,333.0,4691.0,950.0,4.9,31.0,13.0,283.0,294.0,532.0,3198.0,27.0,18.0,5.6,168.0,375.0,1493.0,11.0,4.0,79.0,104.0,836.0,36.0,0,0
222,Atlanta Falcons,1998,0,1,1,1,3,442,5487,993,5.5,24,9,319,237,424,3386,28,15,7.1,175,516,2101,18,4.1,111,116,841,33,289.0,4734.0,950.0,5.0,44.0,25.0,267.0,311.0,551.0,3531.0,22.0,19.0,6.0,172.0,361.0,1203.0,7.0,3.3,65.0,118.0,858.0,30.0,1,1
225,Jacksonville Jaguars,1998,1,1,0,0,2,392,5214,989,5.3,20,8,287,269,463,3112,24,12,6.2,153,487,2102,19,4.3,111,121,898,23,338.0,5559.0,1057.0,5.3,30.0,17.0,309.0,325.0,577.0,3559.0,23.0,13.0,5.9,178.0,450.0,2000.0,9.0,4.4,108.0,109.0,953.0,23.0,0,0
227,New England Patriots,1998,1,0,0,0,1,337,5140,999,5.1,24,7,281,295,556,3660,23,17,6.1,184,403,1480,9,3.7,68,108,853,29,329.0,5182.0,1053.0,4.9,31.0,7.0,305.0,336.0,570.0,3635.0,26.0,24.0,6.0,208.0,447.0,1547.0,8.0,3.5,76.0,104.0,787.0,21.0,0,0
228,Miami Dolphins,1998,1,1,0,0,2,321,4930,1028,4.8,28,12,269,316,546,3395,23,16,6.0,176,458,1535,10,3.4,73,106,864,20,265.0,4435.0,944.0,4.7,36.0,7.0,257.0,252.0,504.0,2924.0,17.0,29.0,5.3,148.0,395.0,1511.0,6.0,3.8,75.0,97.0,875.0,34.0,0,0
230,Minnesota Vikings,1998,0,1,1,0,2,556,6264,1008,6.2,20,4,335,327,533,4328,41,16,7.8,210,450,1936,17,4.3,98,116,1045,27,296.0,5066.0,997.0,5.1,34.0,15.0,300.0,320.0,555.0,3452.0,17.0,19.0,5.8,171.0,404.0,1614.0,12.0,4.0,102.0,132.0,1167.0,27.0,1,0
232,New York Jets,1998,0,1,1,0,2,416,5715,1057,5.4,24,11,338,318,532,3836,33,13,6.9,207,500,1879,12,3.8,99,85,651,32,266.0,4699.0,980.0,4.8,30.0,9.0,263.0,285.0,544.0,3040.0,16.0,21.0,5.2,150.0,400.0,1659.0,11.0,4.1,87.0,109.0,967.0,26.0,1,0
234,Dallas Cowboys,1999,1,0,0,0,1,352,5178,1024,5.1,23,10,295,295,507,3127,20,13,5.9,139,493,2051,16,4.2,129,136,1196,27,276.0,4840.0,997.0,4.9,33.0,9.0,266.0,297.0,545.0,3398.0,19.0,24.0,5.9,154.0,417.0,1442.0,6.0,3.5,81.0,107.0,862.0,31.0,0,0
235,Detroit Lions,1999,1,0,0,0,1,322,4931,978,5.0,22,8,269,326,558,3686,22,14,5.9,179,356,1245,8,3.5,67,110,995,23,323.0,5291.0,1017.0,5.2,32.0,16.0,305.0,359.0,574.0,3760.0,21.0,16.0,6.0,185.0,393.0,1531.0,12.0,3.9,87.0,105.0,839.0,33.0,0,0
236,Buffalo Bills,1999,1,0,0,0,1,320,5333,1059,5.0,27,11,313,290,513,3293,21,16,6.1,173,519,2040,12,3.9,117,97,789,23,229.0,4045.0,950.0,4.3,21.0,9.0,244.0,269.0,506.0,2675.0,12.0,12.0,4.9,144.0,407.0,1370.0,9.0,3.4,73.0,97.0,790.0,27.0,0,0
237,Jacksonville Jaguars,1999,0,1,1,0,2,396,5586,1085,5.1,18,7,331,320,535,3495,16,11,6.1,194,514,2091,20,4.1,116,90,755,21,217.0,4334.0,951.0,4.6,30.0,11.0,248.0,291.0,521.0,2890.0,18.0,19.0,5.0,159.0,373.0,1444.0,6.0,3.9,72.0,93.0,728.0,17.0,1,0
239,Tennessee Titans,1999,1,1,1,1,4,392,5296,1011,5.2,22,9,294,304,527,3485,23,13,6.3,167,459,1811,19,3.9,109,114,1069,18,324.0,5245.0,994.0,5.3,40.0,24.0,300.0,312.0,557.0,3695.0,26.0,16.0,6.0,193.0,383.0,1550.0,8.0,4.0,81.0,128.0,1010.0,26.0,1,1
243,Indianapolis Colts,1999,0,1,0,0,1,423,5726,979,5.8,28,11,327,338,546,4066,26,17,7.3,200,419,1660,15,4.0,89,81,683,38,333.0,5221.0,1008.0,5.2,23.0,13.0,304.0,328.0,561.0,3506.0,21.0,10.0,5.8,192.0,406.0,1715.0,12.0,4.2,92.0,130.0,1093.0,20.0,0,0
244,Seattle Seahawks,1999,1,0,0,0,1,338,4805,971,4.9,33,17,276,288,525,3397,25,16,6.0,179,408,1408,5,3.5,65,98,883,32,298.0,5426.0,1104.0,4.9,36.0,6.0,313.0,320.0,582.0,3492.0,19.0,30.0,5.6,183.0,484.0,1934.0,9.0,4.0,107.0,128.0,985.0,23.0,0,0
245,Tampa Bay Buccaneers,1999,0,1,1,0,2,270,4254,991,4.3,35,19,245,268,447,2478,18,16,5.1,132,502,1776,7,3.5,97,75,583,16,235.0,4280.0,977.0,4.4,31.0,10.0,228.0,302.0,573.0,2873.0,11.0,21.0,4.7,144.0,361.0,1407.0,8.0,3.9,75.0,88.0,727.0,9.0,1,0
247,Washington Redskins,1999,1,1,0,0,2,443,5965,1031,5.8,25,11,338,324,537,3926,26,14,6.9,183,463,2039,23,4.4,121,104,808,34,377.0,5705.0,1068.0,5.3,37.0,13.0,322.0,328.0,589.0,3732.0,23.0,24.0,5.9,193.0,439.0,1973.0,16.0,4.5,107.0,102.0,1137.0,22.0,0,0
249,Minnesota Vikings,1999,1,1,0,0,2,399,5793,995,5.8,40,19,324,316,530,3989,32,21,7.0,192,422,1804,13,4.3,96,114,955,36,335.0,5597.0,1065.0,5.3,30.0,18.0,320.0,373.0,606.0,3980.0,20.0,12.0,6.1,213.0,413.0,1617.0,9.0,3.9,83.0,108.0,880.0,24.0,0,0
251,Miami Dolphins,1999,1,1,0,0,2,326,4938,1071,4.6,34,13,287,329,589,3485,20,21,5.6,188,445,1453,8,3.3,81,111,936,18,336.0,4404.0,936.0,4.7,28.0,10.0,252.0,256.0,484.0,2928.0,19.0,18.0,5.6,145.0,413.0,1476.0,6.0,3.6,79.0,80.0,708.0,28.0,0,0
253,St. Louis Rams,1999,0,1,1,1,3,526,6412,994,6.5,31,16,335,343,530,4353,42,15,7.7,207,431,2059,13,4.8,102,113,889,26,242.0,4698.0,991.0,4.7,36.0,7.0,263.0,319.0,596.0,3509.0,19.0,29.0,5.4,189.0,338.0,1189.0,4.0,3.5,53.0,114.0,1007.0,21.0,1,1
256,Baltimore Ravens,2000,1,1,1,1,4,333,5014,1058,4.7,26,7,288,287,504,2815,20,19,5.1,156,511,2199,9,4.3,116,95,730,16,165.0,3967.0,924.0,4.3,49.0,26.0,216.0,295.0,528.0,2997.0,11.0,23.0,5.3,135.0,361.0,970.0,5.0,2.7,59.0,84.0,535.0,22.0,1,1
260,Tampa Bay Buccaneers,2000,1,0,0,0,1,388,4649,961,4.8,24,11,275,237,433,2583,18,13,5.5,144,490,2066,18,4.2,111,82,702,20,269.0,4800.0,1047.0,4.6,41.0,16.0,283.0,339.0,594.0,3152.0,15.0,25.0,4.9,180.0,398.0,1648.0,12.0,4.1,84.0,95.0,688.0,19.0,0,0
261,Denver Broncos,2000,1,0,0,0,1,485,6554,1115,5.9,25,13,383,354,569,4243,28,12,7.1,223,516,2311,21,4.5,124,89,792,36,369.0,5544.0,962.0,5.8,44.0,17.0,294.0,310.0,574.0,3946.0,26.0,27.0,6.4,189.0,344.0,1598.0,13.0,4.6,80.0,109.0,898.0,25.0,0,0
262,Miami Dolphins,2000,1,1,0,0,2,323,4461,945,4.7,26,9,251,243,421,2567,15,17,5.7,122,496,1894,16,3.8,104,115,920,25,226.0,4636.0,995.0,4.7,41.0,13.0,289.0,282.0,530.0,2900.0,13.0,28.0,5.0,156.0,417.0,1736.0,9.0,4.2,92.0,86.0,793.0,41.0,0,0
264,Indianapolis Colts,2000,1,0,0,0,1,429,6141,1026,6.0,29,14,357,357,571,4282,33,15,7.2,213,435,1859,14,4.3,111,89,866,33,326.0,5357.0,1018.0,5.3,22.0,8.0,310.0,317.0,530.0,3422.0,22.0,14.0,6.0,177.0,446.0,1935.0,13.0,4.3,109.0,103.0,820.0,24.0,0,0
265,Tennessee Titans,2000,0,1,0,0,1,346,5350,1036,5.2,30,14,299,286,462,3266,18,16,6.7,167,547,2084,14,3.8,107,107,870,25,191.0,3813.0,908.0,4.2,30.0,13.0,215.0,242.0,466.0,2423.0,10.0,17.0,4.7,134.0,387.0,1390.0,7.0,3.6,62.0,97.0,778.0,19.0,0,0
266,New York Giants,2000,0,1,1,1,3,328,5376,1064,5.1,24,11,310,311,529,3367,22,13,6.0,195,507,2009,16,4.0,100,91,839,15,246.0,4546.0,988.0,4.6,31.0,11.0,274.0,327.0,585.0,3390.0,23.0,20.0,5.4,181.0,359.0,1156.0,7.0,3.2,62.0,80.0,728.0,31.0,1,1
269,Minnesota Vikings,2000,0,1,1,0,2,397,5961,958,6.2,28,10,319,307,495,3832,33,18,7.2,193,428,2129,14,5.0,107,106,908,19,371.0,5701.0,1011.0,5.6,18.0,10.0,344.0,369.0,584.0,3913.0,23.0,8.0,6.4,208.0,396.0,1788.0,17.0,4.5,110.0,104.0,747.0,26.0,1,0
271,Philadelphia Eagles,2000,1,1,0,0,2,351,5006,1017,4.9,29,14,295,331,575,3124,21,15,5.0,182,397,1882,13,4.7,88,113,980,25,245.0,4820.0,1055.0,4.6,31.0,12.0,295.0,314.0,552.0,2990.0,11.0,19.0,5.0,159.0,453.0,1830.0,10.0,4.0,105.0,111.0,936.0,31.0,0,0
273,Oakland Raiders,2000,0,1,1,0,2,479,5776,1023,5.6,20,9,337,284,475,3306,28,11,6.6,177,520,2470,23,4.8,128,118,940,32,299.0,5249.0,1014.0,5.2,37.0,16.0,320.0,359.0,588.0,3698.0,25.0,21.0,5.9,202.0,383.0,1551.0,8.0,4.0,85.0,117.0,912.0,33.0,1,0
275,New Orleans Saints,2000,1,1,0,0,2,354,5397,1041,5.2,26,11,312,298,497,3329,22,15,6.2,169,505,2068,14,4.1,117,124,1024,26,305.0,4743.0,949.0,5.0,35.0,15.0,279.0,285.0,488.0,3071.0,17.0,20.0,5.5,159.0,395.0,1672.0,14.0,4.2,95.0,105.0,837.0,25.0,0,0
277,St. Louis Rams,2000,1,0,0,0,1,540,7075,1014,7.0,35,12,380,380,587,5232,37,23,8.3,247,383,1843,26,4.8,112,111,942,21,471.0,5494.0,968.0,5.7,25.0,6.0,321.0,323.0,534.0,3797.0,32.0,19.0,6.5,195.0,383.0,1697.0,18.0,4.4,95.0,101.0,747.0,31.0,0,0
278,St. Louis Rams,2001,0,1,1,1,3,503,6690,1007,6.6,44,22,357,379,551,4663,37,22,7.9,236,416,2027,20,4.9,104,107,847,17,273.0,4471.0,952.0,4.7,34.0,13.0,256.0,314.0,541.0,3097.0,16.0,21.0,5.3,153.0,366.0,1374.0,11.0,3.8,77.0,100.0,830.0,26.0,1,1
281,New England Patriots,2001,0,1,1,1,3,371,4882,1001,4.9,28,13,292,306,482,3089,21,15,5.9,163,473,1793,15,3.8,101,92,802,28,272.0,5352.0,1016.0,5.3,35.0,13.0,303.0,299.0,546.0,3497.0,15.0,22.0,6.0,171.0,429.0,1855.0,7.0,4.3,99.0,93.0,839.0,33.0,1,1
284,Philadelphia Eagles,2001,1,1,1,0,3,343,4923,974,5.1,24,10,256,300,522,3145,27,14,5.6,146,412,1778,6,4.3,90,100,768,20,208.0,4701.0,1017.0,4.6,33.0,19.0,262.0,288.0,517.0,2864.0,13.0,14.0,5.1,150.0,455.0,1837.0,6.0,4.0,88.0,85.0,741.0,24.0,1,0
287,San Francisco 49ers,2001,1,0,0,0,1,409,5689,1041,5.5,19,7,328,318,506,3445,32,12,6.5,184,509,2244,16,4.4,121,82,669,23,282.0,4954.0,988.0,5.0,34.0,10.0,289.0,332.0,567.0,3383.0,18.0,24.0,5.6,179.0,389.0,1571.0,9.0,4.0,89.0,95.0,812.0,21.0,0,0
288,Green Bay Packers,2001,1,1,0,0,2,390,5463,942,5.8,27,12,282,314,510,3770,32,15,7.1,187,410,1693,11,4.1,72,80,633,23,266.0,4937.0,1041.0,4.7,39.0,19.0,278.0,341.0,583.0,3168.0,14.0,20.0,5.0,176.0,406.0,1769.0,10.0,4.4,83.0,104.0,921.0,19.0,0,0
290,Pittsburgh Steelers,2001,0,1,1,0,2,352,5887,1065,5.5,21,9,314,274,454,3113,16,12,6.4,150,580,2774,17,4.8,148,86,737,16,212.0,4137.0,919.0,4.5,28.0,12.0,254.0,295.0,525.0,2942.0,19.0,16.0,5.1,160.0,339.0,1195.0,5.0,3.5,70.0,71.0,585.0,24.0,1,0
292,Oakland Raiders,2001,1,1,0,0,2,399,5361,1030,5.2,25,16,316,364,553,3707,27,9,6.4,195,450,1654,14,3.7,102,107,897,19,327.0,5071.0,1002.0,5.1,24.0,7.0,296.0,290.0,528.0,3083.0,16.0,17.0,5.4,166.0,433.0,1988.0,17.0,4.6,104.0,81.0,621.0,26.0,0,0
294,Miami Dolphins,2001,1,0,0,0,1,344,4821,953,5.1,38,19,263,275,453,3157,20,19,6.6,154,473,1664,14,3.5,95,107,914,14,290.0,4608.0,957.0,4.8,28.0,11.0,283.0,262.0,467.0,2829.0,22.0,17.0,5.6,148.0,453.0,1779.0,9.0,3.9,97.0,82.0,623.0,38.0,0,0
295,Baltimore Ravens,2001,1,1,0,0,2,303,5124,1080,4.7,36,16,299,320,557,3314,18,20,5.6,180,483,1810,11,3.7,92,89,728,27,265.0,4446.0,1010.0,4.4,28.0,12.0,262.0,321.0,555.0,3035.0,16.0,16.0,5.1,161.0,410.0,1411.0,10.0,3.4,81.0,105.0,903.0,20.0,0,0
297,Chicago Bears,2001,0,1,0,0,1,338,4694,1020,4.6,24,8,277,315,528,2952,20,16,5.4,153,475,1742,12,3.7,100,63,622,24,203.0,4978.0,1023.0,4.9,37.0,17.0,277.0,355.0,602.0,3665.0,12.0,20.0,5.6,191.0,373.0,1313.0,6.0,3.5,71.0,97.0,808.0,15.0,0,0
298,New York Jets,2001,1,0,0,0,1,308,4795,928,5.2,21,7,274,272,464,2741,17,14,5.7,151,445,2054,11,4.6,105,62,507,18,295.0,5153.0,1030.0,5.0,39.0,19.0,284.0,313.0,516.0,2999.0,14.0,20.0,5.5,155.0,481.0,2154.0,15.0,4.5,116.0,85.0,700.0,13.0,0,0
299,Tampa Bay Buccaneers,2001,1,0,0,0,1,324,4694,1046,4.5,22,10,298,362,592,3323,13,12,5.2,189,407,1371,17,3.4,84,77,672,25,280.0,4653.0,950.0,4.9,39.0,11.0,262.0,273.0,493.0,2951.0,20.0,28.0,5.5,156.0,415.0,1702.0,8.0,4.1,86.0,91.0,742.0,20.0,0,0
300,Tennessee Titans,2002,0,1,1,0,2,367,5272,1032,5.1,25,10,312,306,500,3320,22,15,6.4,182,511,1952,16,3.8,112,112,891,18,324.0,4964.0,974.0,5.1,29.0,11.0,297.0,339.0,562.0,3540.0,27.0,18.0,5.9,197.0,372.0,1424.0,7.0,3.8,75.0,99.0,853.0,25.0,1,0
302,Green Bay Packers,2002,1,0,0,0,1,398,5560,1058,5.3,28,12,318,361,580,3627,29,16,6.0,197,451,1933,12,4.3,94,108,913,27,328.0,4985.0,987.0,5.1,45.0,21.0,294.0,287.0,531.0,2987.0,24.0,24.0,5.2,143.0,413.0,1998.0,14.0,4.8,122.0,98.0,945.0,29.0,0,0
303,New York Giants,2002,1,0,0,0,1,320,5826,1059,5.5,27,13,323,338,549,3951,19,14,6.9,195,486,1875,14,3.9,95,113,955,33,279.0,4949.0,985.0,5.0,25.0,14.0,266.0,311.0,541.0,3119.0,17.0,11.0,5.4,162.0,407.0,1830.0,12.0,4.5,87.0,120.0,897.0,17.0,0,0
304,Indianapolis Colts,2002,1,0,0,0,1,349,5616,1048,5.4,32,13,324,392,591,4055,27,19,6.6,213,434,1561,12,3.6,93,91,730,18,313.0,4909.0,963.0,5.1,27.0,17.0,279.0,288.0,468.0,2917.0,19.0,10.0,5.8,148.0,459.0,1992.0,16.0,4.3,114.0,102.0,746.0,17.0,0,0
305,Oakland Raiders,2002,0,1,1,1,3,450,6237,1069,5.8,19,9,366,418,619,4475,26,10,6.8,226,414,1762,21,4.3,113,129,1094,27,304.0,4979.0,997.0,5.0,31.0,10.0,319.0,346.0,570.0,3526.0,21.0,21.0,5.8,189.0,384.0,1453.0,14.0,3.8,96.0,103.0,787.0,34.0,1,1
308,Atlanta Falcons,2002,1,1,0,0,2,402,5535,1038,5.3,27,15,316,268,479,3167,18,12,6.1,163,523,2368,23,4.5,123,105,931,30,314.0,5334.0,1002.0,5.3,39.0,15.0,288.0,285.0,514.0,3287.0,23.0,24.0,5.9,171.0,441.0,2047.0,12.0,4.6,97.0,112.0,920.0,20.0,0,0
310,Cleveland Browns,2002,1,0,0,0,1,344,5027,993,5.1,31,9,279,338,552,3412,27,22,5.8,171,406,1615,10,4.0,77,107,845,31,320.0,5348.0,1024.0,5.2,29.0,12.0,291.0,299.0,513.0,3269.0,20.0,17.0,6.0,164.0,483.0,2079.0,12.0,4.3,107.0,91.0,726.0,20.0,0,0
311,Pittsburgh Steelers,2002,1,1,0,0,2,390,5952,1097,5.4,36,14,343,350,551,3832,26,22,6.6,200,512,2120,15,4.1,119,90,712,24,345.0,4835.0,982.0,4.9,36.0,17.0,279.0,336.0,573.0,3460.0,19.0,19.0,5.6,178.0,359.0,1375.0,16.0,3.8,77.0,106.0,927.0,24.0,0,0
313,San Francisco 49ers,2002,1,1,0,0,2,367,5701,1082,5.3,17,7,342,354,571,3457,23,10,5.8,182,489,2244,16,4.6,141,87,725,19,351.0,5158.0,978.0,5.3,27.0,8.0,307.0,340.0,552.0,3506.0,23.0,19.0,6.0,188.0,394.0,1652.0,14.0,4.2,96.0,82.0,681.0,23.0,0,0
315,Philadelphia Eagles,2002,0,1,1,0,2,415,5604,1073,5.2,24,13,311,318,548,3384,27,11,5.8,164,489,2220,15,4.5,124,111,897,23,241.0,4754.0,1009.0,4.7,38.0,23.0,272.0,333.0,563.0,3094.0,18.0,15.0,5.0,160.0,390.0,1660.0,5.0,4.3,83.0,112.0,969.0,29.0,1,0
317,Tampa Bay Buccaneers,2002,0,1,1,1,3,346,5002,1022,4.9,21,11,287,348,567,3445,23,10,5.7,172,414,1557,6,3.8,90,103,789,25,196.0,4044.0,963.0,4.2,38.0,7.0,236.0,259.0,510.0,2490.0,10.0,31.0,4.5,131.0,410.0,1554.0,8.0,3.8,79.0,93.0,749.0,26.0,1,1
320,New York Jets,2002,1,1,0,0,2,359,5036,917,5.5,19,9,300,329,485,3418,25,10,6.6,190,400,1618,12,4.0,86,79,685,24,336.0,5463.0,1008.0,5.4,23.0,8.0,313.0,359.0,551.0,3490.0,17.0,15.0,6.0,178.0,427.0,1973.0,17.0,4.6,116.0,99.0,809.0,19.0,0,0
322,Tennessee Titans,2003,1,1,0,0,2,435,5501,1013,5.4,21,12,310,315,502,3878,30,9,7.4,211,486,1623,11,3.3,84,110,887,15,324.0,4901.0,926.0,5.3,34.0,13.0,275.0,332.0,546.0,3606.0,20.0,21.0,6.2,167.0,342.0,1295.0,10.0,3.8,79.0,96.0,793.0,29.0,0,0
324,Green Bay Packers,2003,1,1,0,0,2,442,5798,999,5.8,32,11,315,310,473,3240,32,21,6.6,166,507,2558,18,5.0,127,88,699,22,307.0,5101.0,1036.0,4.9,32.0,11.0,288.0,326.0,589.0,3400.0,18.0,21.0,5.5,172.0,413.0,1701.0,10.0,4.1,91.0,97.0,767.0,25.0,0,0
326,Philadelphia Eagles,2003,0,1,1,0,2,374,5035,944,5.3,22,11,302,279,484,3020,17,11,5.7,156,417,2015,23,4.8,105,96,817,41,287.0,5307.0,1058.0,5.0,26.0,13.0,306.0,337.0,559.0,3236.0,17.0,13.0,5.4,171.0,461.0,2071.0,13.0,4.5,116.0,129.0,1105.0,19.0,1,0
328,New England Patriots,2003,0,1,1,1,3,348,5039,1042,4.8,24,11,294,320,537,3432,23,13,6.0,177,473,1607,9,3.4,91,111,998,26,238.0,4666.0,1060.0,4.4,41.0,12.0,293.0,328.0,618.0,3232.0,11.0,29.0,4.9,177.0,401.0,1434.0,10.0,3.6,91.0,107.0,845.0,25.0,1,1
331,Indianapolis Colts,2003,1,1,1,0,3,447,5874,1041,5.6,20,10,348,381,569,4179,29,10,7.1,212,453,1695,16,3.7,104,92,662,32,336.0,4789.0,913.0,5.2,30.0,15.0,279.0,277.0,445.0,2809.0,18.0,15.0,5.9,138.0,437.0,1980.0,19.0,4.5,117.0,123.0,1005.0,24.0,1,0
334,Carolina Panthers,2003,1,1,1,1,4,325,5141,1008,5.1,31,15,284,270,460,3050,19,16,6.3,146,522,2091,9,4.0,114,116,966,24,304.0,4725.0,996.0,4.7,26.0,10.0,274.0,299.0,522.0,3003.0,19.0,16.0,5.3,161.0,434.0,1722.0,10.0,4.0,83.0,111.0,1011.0,30.0,1,1
338,Dallas Cowboys,2003,1,0,0,0,1,289,5161,1062,4.9,29,8,286,294,510,3162,17,21,5.8,149,515,1999,11,3.9,115,98,837,22,260.0,4056.0,937.0,4.3,25.0,12.0,228.0,239.0,492.0,2631.0,18.0,13.0,5.0,127.0,413.0,1425.0,7.0,3.5,68.0,88.0,763.0,33.0,0,0
339,Seattle Seahawks,2003,1,0,0,0,1,404,5627,1017,5.5,29,13,338,317,521,3618,27,16,6.4,190,453,2009,17,4.4,121,91,777,27,327.0,5239.0,1069.0,4.9,28.0,12.0,304.0,343.0,573.0,3480.0,24.0,16.0,5.7,183.0,456.0,1759.0,9.0,3.9,93.0,105.0,825.0,28.0,0,0
340,Denver Broncos,2003,1,0,0,0,1,381,5598,1047,5.3,24,6,334,280,479,2969,19,18,5.9,162,543,2629,20,4.8,133,107,922,39,301.0,4433.0,910.0,4.9,20.0,11.0,241.0,265.0,495.0,2828.0,17.0,9.0,5.3,141.0,379.0,1605.0,11.0,4.2,77.0,137.0,1031.0,23.0,0,0
341,Baltimore Ravens,2003,1,0,0,0,1,391,4929,1009,4.9,38,19,259,217,415,2255,16,19,4.9,121,552,2674,18,4.8,115,126,970,23,281.0,4341.0,1026.0,4.2,41.0,17.0,248.0,296.0,531.0,2805.0,19.0,24.0,4.9,144.0,448.0,1536.0,6.0,3.4,78.0,106.0,935.0,26.0,0,0
342,Kansas City Chiefs,2003,0,1,0,0,1,484,5910,1003,5.9,18,6,348,339,536,3981,24,12,7.1,201,446,1929,32,4.3,120,79,698,27,332.0,5707.0,1054.0,5.4,37.0,12.0,322.0,332.0,565.0,3363.0,19.0,25.0,5.6,184.0,453.0,2344.0,18.0,5.2,120.0,95.0,781.0,18.0,0,0
343,St. Louis Rams,2003,0,1,0,0,1,447,5457,1054,5.2,39,16,335,377,600,3961,23,23,6.2,211,411,1496,19,3.6,97,92,667,27,328.0,5052.0,964.0,5.2,46.0,22.0,272.0,296.0,510.0,3072.0,23.0,24.0,5.6,164.0,412.0,1980.0,9.0,4.8,92.0,114.0,882.0,16.0,0,0
344,Pittsburgh Steelers,2004,0,1,1,0,2,372,5184,1012,5.1,21,8,309,228,358,2720,20,13,6.9,147,618,2464,16,4.0,134,99,835,28,251.0,4134.0,882.0,4.7,32.0,13.0,248.0,269.0,484.0,2835.0,14.0,19.0,5.4,146.0,357.0,1299.0,8.0,3.6,79.0,104.0,875.0,23.0,1,0
346,Atlanta Falcons,2004,0,1,1,0,2,340,5084,969,5.2,30,14,284,217,395,2412,15,16,5.4,120,524,2672,20,5.1,133,109,905,31,337.0,5207.0,999.0,5.2,32.0,13.0,310.0,328.0,517.0,3526.0,19.0,19.0,6.2,183.0,434.0,1681.0,20.0,3.9,107.0,129.0,930.0,20.0,1,0
348,Minnesota Vikings,2004,1,1,0,0,2,405,6339,985,6.4,21,9,351,380,552,4516,39,12,7.6,225,387,1823,8,4.7,98,117,884,28,395.0,5902.0,1018.0,5.8,22.0,11.0,350.0,338.0,544.0,3896.0,30.0,11.0,6.7,220.0,435.0,2006.0,15.0,4.6,110.0,110.0,974.0,20.0,0,0
350,Philadelphia Eagles,2004,0,1,1,1,3,386,5618,960,5.9,22,11,301,336,547,3979,32,11,6.8,188,376,1639,10,4.4,87,124,952,26,260.0,5115.0,1039.0,4.9,28.0,11.0,299.0,334.0,550.0,3212.0,16.0,17.0,5.4,165.0,442.0,1903.0,13.0,4.3,101.0,119.0,1001.0,33.0,1,1
353,Indianapolis Colts,2004,1,1,0,0,2,522,6475,968,6.7,17,7,379,353,527,4623,51,10,8.5,238,427,1852,10,4.3,94,106,801,47,351.0,5929.0,1042.0,5.7,36.0,17.0,331.0,364.0,557.0,3892.0,26.0,19.0,6.5,209.0,440.0,2037.0,12.0,4.6,103.0,116.0,877.0,19.0,0,0
355,Green Bay Packers,2004,1,0,0,0,1,424,6357,1053,6.0,29,10,354,382,598,4449,36,19,7.3,228,441,1908,9,4.3,98,116,950,28,380.0,5541.0,967.0,5.7,15.0,7.0,307.0,314.0,518.0,3663.0,33.0,8.0,6.6,181.0,409.0,1878.0,12.0,4.6,92.0,112.0,942.0,34.0,0,0
356,New York Jets,2004,1,1,0,0,2,333,5438,996,5.5,16,5,313,282,438,3050,19,11,6.5,163,527,2388,15,4.5,135,91,693,15,261.0,4878.0,966.0,5.0,33.0,14.0,282.0,289.0,497.0,3312.0,21.0,19.0,6.2,169.0,432.0,1566.0,8.0,3.6,87.0,86.0,720.0,26.0,0,0
358,St. Louis Rams,2004,1,1,0,0,2,319,5877,1011,5.8,39,17,321,372,580,4253,23,22,6.8,203,381,1624,11,4.3,96,127,993,22,392.0,5353.0,1006.0,5.3,15.0,9.0,311.0,292.0,492.0,3174.0,24.0,6.0,6.0,172.0,480.0,2179.0,13.0,4.5,118.0,109.0,827.0,21.0,0,0
360,San Diego Chargers,2004,1,0,0,0,1,446,5542,996,5.6,18,10,328,288,450,3357,29,8,7.1,160,525,2185,24,4.2,131,108,875,37,313.0,5360.0,991.0,5.4,33.0,10.0,320.0,372.0,607.0,4053.0,19.0,23.0,6.4,200.0,355.0,1307.0,15.0,3.7,79.0,109.0,940.0,41.0,0,0
361,Seattle Seahawks,2004,1,0,0,0,1,371,5634,1034,5.4,27,9,320,304,532,3539,23,18,6.3,189,468,2095,17,4.5,110,79,669,21,373.0,5621.0,1047.0,5.4,35.0,12.0,311.0,340.0,559.0,3590.0,24.0,23.0,6.0,191.0,452.0,2031.0,17.0,4.5,102.0,91.0,748.0,18.0,0,0
362,Denver Broncos,2004,1,0,0,0,1,381,6332,1070,5.9,29,9,351,303,521,3999,27,20,7.5,184,534,2333,13,4.4,127,93,880,40,304.0,4459.0,918.0,4.9,20.0,8.0,235.0,272.0,484.0,2947.0,17.0,12.0,5.6,130.0,396.0,1512.0,16.0,3.8,83.0,120.0,1062.0,22.0,0,0
363,New England Patriots,2004,0,1,1,1,3,437,5722,1035,5.5,27,13,344,293,485,3588,29,14,7.0,193,524,2134,15,4.1,120,101,822,31,260.0,4972.0,988.0,5.0,36.0,16.0,290.0,315.0,538.0,3400.0,18.0,20.0,5.8,177.0,405.0,1572.0,9.0,3.9,83.0,118.0,1014.0,30.0,1,1
366,Seattle Seahawks,2005,0,1,1,1,3,452,5915,1020,5.8,17,7,361,307,474,3458,25,10,6.9,192,519,2457,29,4.7,142,94,846,27,271.0,5069.0,1041.0,4.9,27.0,11.0,295.0,331.0,571.0,3559.0,18.0,16.0,5.7,194.0,420.0,1510.0,5.0,3.6,78.0,123.0,909.0,23.0,1,1
369,Indianapolis Colts,2005,0,1,0,0,1,439,5799,1000,5.8,19,8,363,347,515,4096,31,11,7.7,217,465,1703,18,3.7,116,94,690,30,247.0,4913.0,953.0,5.2,31.0,13.0,269.0,343.0,509.0,3151.0,17.0,18.0,5.7,163.0,398.0,1762.0,9.0,4.4,91.0,119.0,857.0,15.0,0,0
370,Chicago Bears,2005,0,1,0,0,1,260,4101,937,4.4,28,13,233,219,418,2002,11,15,4.5,111,488,2099,11,4.3,99,105,850,23,202.0,4509.0,1034.0,4.4,34.0,10.0,259.0,313.0,550.0,2872.0,10.0,24.0,4.9,153.0,443.0,1637.0,9.0,3.7,83.0,118.0,1016.0,23.0,0,0
371,Tampa Bay Buccaneers,2005,1,0,0,0,1,300,4716,985,4.8,23,9,268,303,487,2890,17,14,5.5,161,457,1826,13,4.0,83,131,1085,24,274.0,4444.0,950.0,4.7,30.0,13.0,254.0,275.0,476.0,2929.0,15.0,17.0,5.7,148.0,438.0,1515.0,10.0,3.5,75.0,108.0,830.0,31.0,0,0
372,Cincinnati Bengals,2005,1,0,0,0,1,421,5730,1018,5.6,20,6,342,362,538,3820,32,14,6.8,203,459,1910,15,4.2,109,110,920,30,350.0,5419.0,976.0,5.6,44.0,13.0,321.0,324.0,519.0,3569.0,21.0,31.0,6.5,185.0,429.0,1850.0,16.0,4.3,109.0,110.0,985.0,27.0,0,0
373,New York Giants,2005,1,0,0,0,1,422,5787,1055,5.5,25,8,312,294,558,3578,24,17,6.1,172,469,2209,17,4.7,106,143,1115,34,314.0,5240.0,1049.0,5.0,37.0,20.0,302.0,329.0,580.0,3584.0,20.0,17.0,5.8,189.0,428.0,1656.0,12.0,3.9,83.0,136.0,1180.0,30.0,0,0
374,Denver Broncos,2005,0,1,1,0,2,395,5766,1030,5.6,16,9,330,279,465,3227,18,7,6.6,162,542,2539,25,4.7,145,97,756,23,258.0,5006.0,985.0,5.1,36.0,16.0,295.0,344.0,613.0,3643.0,20.0,20.0,5.7,183.0,344.0,1363.0,10.0,4.0,82.0,139.0,989.0,30.0,1,0
376,Washington Redskins,2005,1,1,0,0,2,359,5289,1037,5.1,27,16,301,278,481,3106,25,11,6.1,166,525,2183,15,4.2,114,108,925,21,293.0,4767.0,981.0,4.9,28.0,12.0,258.0,291.0,535.0,3081.0,15.0,16.0,5.4,158.0,411.0,1686.0,15.0,4.1,74.0,105.0,879.0,26.0,0,0
378,Pittsburgh Steelers,2005,1,1,1,1,4,389,5149,960,5.4,23,9,297,228,379,2926,21,14,7.1,144,549,2223,21,4.0,120,99,876,33,258.0,4544.0,998.0,4.6,30.0,15.0,275.0,315.0,549.0,3168.0,15.0,15.0,5.3,179.0,402.0,1376.0,10.0,3.4,75.0,120.0,1031.0,21.0,1,1
382,Jacksonville Jaguars,2005,1,0,0,0,1,361,5149,1021,5.0,17,11,301,283,487,3190,21,6,6.1,170,502,1959,18,3.9,97,121,1006,34,269.0,4655.0,963.0,4.8,28.0,9.0,273.0,285.0,482.0,2946.0,22.0,19.0,5.6,158.0,434.0,1709.0,4.0,3.9,79.0,130.0,1055.0,36.0,0,0
383,New England Patriots,2005,1,1,0,0,2,379,5632,1031,5.5,24,9,334,352,564,4120,28,15,7.0,204,439,1512,16,3.4,101,110,921,29,338.0,5283.0,997.0,5.3,18.0,8.0,306.0,296.0,527.0,3703.0,25.0,10.0,6.6,179.0,437.0,1580.0,11.0,3.6,94.0,132.0,1068.0,33.0,0,0
385,Carolina Panthers,2005,1,1,1,0,3,391,4950,964,5.1,26,10,278,269,449,3271,25,16,6.9,157,487,1679,17,3.4,82,91,732,39,259.0,4522.0,981.0,4.6,42.0,19.0,262.0,305.0,528.0,3057.0,15.0,23.0,5.3,160.0,408.0,1465.0,9.0,3.6,72.0,128.0,1045.0,30.0,1,0
388,New York Jets,2006,1,0,0,0,1,316,4891,1013,4.8,25,9,289,313,488,3153,17,16,6.0,161,491,1738,15,3.5,99,70,560,29,295.0,5306.0,1020.0,5.2,25.0,9.0,312.0,316.0,532.0,3222.0,19.0,16.0,5.7,181.0,453.0,2084.0,14.0,4.6,111.0,105.0,843.0,20.0,0,0
389,Seattle Seahawks,2006,1,1,0,0,2,335,4977,1045,4.8,34,12,312,292,512,3054,26,22,5.4,167,484,1923,8,4.0,112,94,700,33,341.0,5285.0,986.0,5.4,26.0,14.0,277.0,299.0,504.0,3256.0,23.0,12.0,6.0,160.0,441.0,2029.0,12.0,4.6,102.0,118.0,950.0,15.0,0,0
391,New Orleans Saints,2006,0,1,1,0,2,413,6264,1075,5.8,23,10,330,372,580,4503,27,13,7.5,207,472,1761,19,3.7,99,79,597,24,322.0,4917.0,930.0,5.3,19.0,8.0,262.0,267.0,474.0,2854.0,26.0,11.0,5.6,148.0,418.0,2063.0,10.0,4.9,96.0,89.0,674.0,18.0,1,0
393,Indianapolis Colts,2006,1,1,1,1,4,427,6070,1011,6.0,19,10,376,362,557,4308,31,9,7.5,241,439,1762,17,4.0,112,86,718,23,360.0,5316.0,959.0,5.5,26.0,11.0,325.0,266.0,415.0,2548.0,16.0,15.0,5.8,150.0,519.0,2768.0,20.0,5.3,150.0,86.0,667.0,25.0,1,1
397,New York Giants,2006,1,0,0,0,1,355,5214,1003,5.2,28,10,304,301,523,3058,24,18,5.6,163,455,2156,14,4.7,120,101,881,21,362.0,5479.0,1057.0,5.2,28.0,11.0,314.0,333.0,567.0,3649.0,21.0,17.0,6.1,189.0,458.0,1830.0,19.0,4.0,106.0,97.0,771.0,19.0,0,0
398,Dallas Cowboys,2006,1,0,0,0,1,425,5772,1015,5.7,30,9,336,310,506,3836,26,21,7.1,197,472,1936,21,4.1,107,100,939,32,350.0,5165.0,974.0,5.3,31.0,13.0,294.0,301.0,511.0,3506.0,25.0,18.0,6.4,179.0,429.0,1659.0,12.0,3.9,88.0,93.0,895.0,27.0,0,0
399,Philadelphia Eagles,2006,1,1,0,0,2,398,6103,988,6.2,24,15,312,323,544,4119,31,9,7.2,189,416,1984,13,4.8,106,112,983,17,328.0,5249.0,1054.0,5.0,29.0,10.0,314.0,309.0,525.0,3067.0,17.0,19.0,5.4,154.0,489.0,2182.0,12.0,4.5,126.0,96.0,795.0,34.0,0,0
401,Baltimore Ravens,2006,0,1,0,0,1,353,5072,1017,5.0,23,9,282,328,524,3435,21,14,6.3,179,476,1637,11,3.4,86,109,878,17,201.0,4225.0,936.0,4.5,40.0,12.0,236.0,279.0,509.0,3011.0,16.0,28.0,5.3,151.0,367.0,1214.0,5.0,3.3,59.0,79.0,580.0,26.0,0,0
402,Kansas City Chiefs,2006,1,0,0,0,1,331,5143,1004,5.1,26,14,310,272,450,3000,18,12,6.1,184,513,2143,17,4.2,105,76,577,21,315.0,5262.0,999.0,5.3,30.0,15.0,298.0,314.0,506.0,3334.0,18.0,15.0,6.2,171.0,461.0,1928.0,14.0,4.2,109.0,85.0,709.0,18.0,0,0
403,San Diego Chargers,2006,0,1,0,0,1,492,5840,1016,5.7,15,6,321,287,466,3262,24,9,6.6,169,522,2578,32,4.9,137,90,791,15,303.0,4825.0,985.0,4.9,28.0,12.0,285.0,307.0,538.0,3212.0,19.0,16.0,5.4,178.0,386.0,1613.0,13.0,4.2,87.0,87.0,751.0,20.0,0,0
404,New England Patriots,2006,1,1,1,0,3,385,5369,1055,5.1,27,15,330,326,527,3400,25,12,6.1,181,499,1969,20,3.9,121,98,940,28,237.0,4710.0,950.0,5.0,35.0,13.0,264.0,294.0,518.0,3203.0,10.0,22.0,5.7,164.0,388.0,1507.0,11.0,3.9,67.0,102.0,918.0,33.0,1,0
407,Chicago Bears,2006,0,1,1,1,3,427,5199,1042,5.0,36,14,300,282,514,3281,24,22,6.1,161,503,1918,14,3.8,103,112,923,36,255.0,4706.0,1023.0,4.6,44.0,20.0,258.0,328.0,581.0,3116.0,18.0,24.0,5.0,159.0,402.0,1590.0,7.0,4.0,77.0,132.0,1084.0,22.0,1,1
410,New England Patriots,2007,0,1,1,1,3,589,6580,1058,6.2,15,6,393,403,586,4731,50,9,7.8,243,451,1849,17,4.1,124,78,690,26,274.0,4613.0,933.0,4.9,31.0,12.0,278.0,314.0,526.0,3041.0,23.0,19.0,5.3,172.0,360.0,1572.0,7.0,4.4,91.0,96.0,764.0,15.0,1,1
413,Seattle Seahawks,2007,1,1,0,0,2,393,5583,1056,5.3,24,11,323,371,590,3964,30,13,6.3,211,430,1619,9,3.8,93,59,428,19,291.0,5149.0,1035.0,5.0,34.0,14.0,278.0,333.0,568.0,3505.0,15.0,20.0,5.7,183.0,422.0,1644.0,16.0,3.9,78.0,99.0,756.0,17.0,0,0
415,Washington Redskins,2007,1,0,0,0,1,334,5334,1052,5.1,29,18,307,319,525,3463,18,11,6.3,192,498,1871,15,3.8,103,90,751,12,310.0,4884.0,1026.0,4.8,24.0,10.0,291.0,351.0,602.0,3424.0,20.0,14.0,5.4,174.0,391.0,1460.0,10.0,3.7,89.0,88.0,684.0,28.0,0,0
416,Tennessee Titans,2007,1,0,0,0,1,301,4987,1037,4.8,34,17,306,288,464,2878,9,17,5.8,171,543,2109,17,3.9,118,101,773,17,297.0,4665.0,978.0,4.8,34.0,12.0,268.0,349.0,569.0,3187.0,21.0,22.0,5.2,165.0,369.0,1478.0,11.0,4.0,80.0,90.0,745.0,23.0,0,0
417,San Diego Chargers,2007,1,1,1,0,3,412,5044,980,5.1,24,8,278,281,471,3005,22,16,6.1,158,485,2039,19,4.2,104,94,761,16,284.0,5124.0,1013.0,5.1,48.0,18.0,297.0,338.0,555.0,3412.0,20.0,30.0,5.7,185.0,416.0,1712.0,11.0,4.1,89.0,86.0,665.0,23.0,1,0
420,Green Bay Packers,2007,0,1,1,0,2,435,5931,985,6.0,24,9,307,383,578,4334,30,15,7.3,210,388,1597,13,4.1,69,113,1006,28,291.0,5013.0,994.0,5.0,28.0,9.0,297.0,295.0,534.0,3366.0,23.0,19.0,5.9,176.0,424.0,1647.0,6.0,3.9,77.0,118.0,908.0,44.0,1,0
422,Indianapolis Colts,2007,0,1,0,0,1,450,5739,1020,5.6,19,5,357,355,551,4033,32,14,7.0,212,446,1706,19,3.8,119,67,515,26,262.0,4475.0,980.0,4.6,37.0,15.0,288.0,325.0,498.0,2764.0,16.0,22.0,5.3,162.0,454.0,1711.0,10.0,3.8,111.0,85.0,722.0,15.0,0,0
423,Dallas Cowboys,2007,0,1,0,0,1,455,5851,975,6.0,24,5,322,342,531,4105,36,19,7.4,217,419,1746,14,4.2,83,104,815,22,325.0,4922.0,1008.0,4.9,29.0,10.0,304.0,342.0,581.0,3409.0,19.0,19.0,5.4,195.0,381.0,1513.0,12.0,4.0,86.0,85.0,785.0,23.0,0,0
424,Tampa Bay Buccaneers,2007,1,0,0,0,1,334,5229,975,5.4,20,12,281,316,490,3357,18,8,6.4,162,449,1872,15,4.2,98,81,614,21,270.0,4451.0,977.0,4.6,35.0,19.0,258.0,297.0,490.0,2725.0,18.0,16.0,5.2,158.0,454.0,1726.0,11.0,3.8,93.0,86.0,706.0,7.0,0,0
425,Pittsburgh Steelers,2007,1,0,0,0,1,393,5239,1000,5.2,22,8,298,282,442,3071,34,14,6.3,179,511,2168,9,4.2,108,80,651,11,269.0,4262.0,933.0,4.6,25.0,14.0,249.0,292.0,536.0,2824.0,22.0,11.0,4.9,158.0,361.0,1438.0,6.0,4.0,74.0,73.0,556.0,17.0,0,0
426,New York Giants,2007,1,1,1,1,4,373,5302,1041,5.1,34,14,321,302,544,3154,23,20,5.5,167,469,2148,15,4.6,119,77,652,35,351.0,4880.0,984.0,5.0,25.0,10.0,288.0,306.0,523.0,3317.0,24.0,15.0,5.8,185.0,408.0,1563.0,12.0,3.8,83.0,118.0,874.0,20.0,1,1
430,Jacksonville Jaguars,2007,1,1,0,0,2,411,5719,1022,5.6,21,13,328,288,469,3328,28,8,6.7,180,522,2391,18,4.6,127,76,594,21,304.0,5021.0,970.0,5.2,30.0,10.0,286.0,319.0,543.0,3416.0,20.0,20.0,5.9,181.0,390.0,1605.0,12.0,4.1,92.0,82.0,636.0,13.0,0,0
432,Miami Dolphins,2008,1,0,0,0,1,345,5529,965,5.7,13,6,308,330,491,3632,20,7,7.0,184,448,1897,18,4.2,111,81,669,13,317.0,5264.0,979.0,5.4,30.0,12.0,296.0,320.0,551.0,3644.0,18.0,18.0,6.2,173.0,388.0,1620.0,11.0,4.2,96.0,86.0,615.0,27.0,0,0
433,Atlanta Falcons,2008,1,0,0,0,1,391,5779,1011,5.7,21,10,313,265,434,3336,16,11,7.4,157,560,2443,23,4.4,131,71,591,25,325.0,5566.0,998.0,5.6,18.0,8.0,309.0,325.0,549.0,3526.0,20.0,10.0,6.0,189.0,415.0,2040.0,17.0,4.9,108.0,109.0,854.0,12.0,0,0
434,San Diego Chargers,2008,1,1,0,0,2,439,5584,924,6.0,20,9,301,312,478,3858,34,11,7.7,191,421,1726,13,4.1,92,95,748,18,347.0,5599.0,1041.0,5.4,24.0,9.0,339.0,411.0,605.0,3958.0,25.0,15.0,6.3,213.0,408.0,1641.0,11.0,4.0,98.0,78.0,708.0,28.0,0,0
436,Minnesota Vikings,2008,1,0,0,0,1,379,5288,1014,5.2,31,14,292,267,452,2956,22,17,6.0,150,519,2332,15,4.5,119,90,692,23,333.0,4679.0,946.0,4.9,25.0,13.0,255.0,324.0,530.0,3449.0,15.0,12.0,6.0,163.0,371.0,1230.0,10.0,3.3,72.0,109.0,1002.0,20.0,0,0
437,Indianapolis Colts,2008,1,0,0,0,1,377,5368,969,5.5,17,5,321,393,585,4094,27,12,6.8,220,370,1274,13,3.4,80,86,619,21,298.0,4975.0,983.0,5.1,26.0,11.0,305.0,329.0,481.0,3009.0,6.0,15.0,5.9,165.0,472.0,1966.0,18.0,4.2,119.0,68.0,543.0,21.0,0,0
438,Arizona Cardinals,2008,1,1,1,1,4,427,5852,998,5.9,30,15,328,418,630,4674,31,15,7.1,231,340,1178,14,3.5,72,107,781,25,426.0,5304.0,993.0,5.3,30.0,17.0,312.0,323.0,517.0,3540.0,36.0,13.0,6.5,172.0,445.0,1764.0,13.0,4.0,117.0,98.0,816.0,23.0,1,1
442,Tennessee Titans,2008,0,1,0,0,1,375,5018,973,5.2,17,8,268,265,453,2819,13,9,6.1,143,508,2199,24,4.3,108,108,855,17,234.0,4698.0,1022.0,4.6,31.0,11.0,276.0,342.0,575.0,3196.0,12.0,20.0,5.2,166.0,403.0,1502.0,12.0,3.7,81.0,93.0,750.0,29.0,0,0
443,Pittsburgh Steelers,2008,0,1,1,1,3,347,4991,1015,4.9,25,10,290,303,506,3301,19,15,5.9,179,460,1690,16,3.7,93,95,812,18,223.0,3795.0,974.0,3.9,29.0,9.0,240.0,301.0,533.0,2511.0,12.0,20.0,4.3,149.0,390.0,1284.0,7.0,3.3,73.0,91.0,801.0,18.0,1,1
446,Baltimore Ravens,2008,1,1,1,0,3,385,5184,1058,4.9,21,9,300,261,433,2808,16,12,6.0,147,592,2376,20,4.0,132,103,785,21,244.0,4177.0,928.0,4.5,34.0,8.0,228.0,276.0,528.0,2875.0,17.0,26.0,5.1,152.0,366.0,1302.0,4.0,3.6,58.0,114.0,792.0,18.0,1,0
449,Carolina Panthers,2008,0,1,0,0,1,414,5595,938,6.0,19,7,287,246,414,3158,15,12,7.3,152,504,2437,30,4.8,118,94,637,17,329.0,5299.0,1026.0,5.2,25.0,13.0,296.0,333.0,557.0,3387.0,19.0,12.0,5.7,178.0,432.0,1912.0,14.0,4.4,100.0,88.0,736.0,18.0,0,0
450,Philadelphia Eagles,2008,1,1,1,0,3,416,5608,1056,5.3,26,10,318,362,606,3911,23,16,6.2,204,427,1697,15,4.0,94,74,635,20,289.0,4389.0,994.0,4.4,29.0,14.0,248.0,284.0,525.0,2913.0,19.0,15.0,5.1,144.0,421.0,1476.0,7.0,3.5,79.0,81.0,598.0,25.0,1,0
453,New York Giants,2008,0,1,0,0,1,427,5695,1021,5.6,13,3,338,298,491,3177,23,10,6.1,176,502,2518,19,5.0,130,102,821,32,294.0,4672.0,931.0,5.0,22.0,5.0,268.0,296.0,503.0,3139.0,17.0,17.0,5.8,165.0,386.0,1533.0,14.0,4.0,78.0,111.0,866.0,25.0,0,0
454,New York Jets,2009,1,1,1,0,3,348,5136,1030,5.0,30,9,280,210,393,2380,12,21,5.6,131,607,2756,21,4.5,132,88,677,17,236.0,4037.0,953.0,4.2,31.0,14.0,237.0,259.0,501.0,2459.0,8.0,17.0,4.6,128.0,420.0,1578.0,11.0,3.8,87.0,87.0,680.0,22.0,1,0
457,Dallas Cowboys,2009,1,1,0,0,2,361,6390,1020,6.3,19,10,335,347,550,4287,26,9,7.3,203,436,2103,14,4.8,110,115,892,22,250.0,5054.0,979.0,5.2,21.0,10.0,286.0,344.0,572.0,3606.0,19.0,11.0,5.9,186.0,365.0,1448.0,7.0,4.0,74.0,93.0,768.0,26.0,0,0
459,Baltimore Ravens,2009,1,1,0,0,2,391,5619,1014,5.5,22,9,320,321,510,3419,21,13,6.3,187,468,2200,22,4.7,115,115,1094,18,261.0,4808.0,991.0,4.9,32.0,10.0,280.0,306.0,524.0,3316.0,17.0,22.0,6.0,164.0,435.0,1492.0,8.0,3.4,82.0,88.0,741.0,34.0,0,0
461,Philadelphia Eagles,2009,1,0,0,0,1,429,5726,975,5.9,23,10,290,335,553,4089,27,13,6.9,182,384,1637,14,4.3,87,115,951,21,337.0,5137.0,1037.0,5.0,38.0,13.0,295.0,354.0,580.0,3462.0,27.0,25.0,5.5,179.0,413.0,1675.0,11.0,4.1,81.0,104.0,789.0,35.0,0,0
462,Green Bay Packers,2009,1,0,0,0,1,461,6065,1042,5.8,16,8,335,357,553,4180,30,8,6.9,201,438,1885,20,4.3,102,118,1057,32,297.0,4551.0,948.0,4.8,40.0,10.0,272.0,294.0,540.0,3218.0,29.0,30.0,5.6,168.0,371.0,1333.0,5.0,3.6,68.0,107.0,914.0,36.0,0,0
463,San Diego Chargers,2009,0,1,0,0,1,454,5761,972,5.9,17,7,330,338,519,4338,29,10,8.0,222,427,1423,17,3.3,80,78,570,28,320.0,5232.0,991.0,5.3,25.0,11.0,309.0,326.0,534.0,3348.0,23.0,14.0,5.9,177.0,422.0,1884.0,10.0,4.5,112.0,103.0,795.0,20.0,0,0
464,Arizona Cardinals,2009,1,1,0,0,2,375,5510,985,5.6,36,18,317,392,594,4016,27,18,6.5,215,365,1494,16,4.1,77,108,886,25,325.0,5543.0,1038.0,5.3,29.0,8.0,289.0,346.0,593.0,3739.0,22.0,21.0,5.9,188.0,402.0,1804.0,13.0,4.5,81.0,104.0,840.0,20.0,0,0
466,Minnesota Vikings,2009,0,1,1,0,2,470,6074,1054,5.8,18,11,343,377,553,4156,34,7,7.1,220,467,1918,19,4.1,99,101,757,24,312.0,4888.0,940.0,5.2,24.0,13.0,271.0,341.0,535.0,3494.0,26.0,11.0,6.0,183.0,357.0,1394.0,5.0,3.9,63.0,109.0,902.0,25.0,1,0
468,Cincinnati Bengals,2009,1,0,0,0,1,305,4946,1011,4.9,25,12,295,286,477,2890,21,13,5.7,159,505,2056,9,4.1,109,114,863,27,291.0,4822.0,980.0,4.9,25.0,6.0,276.0,318.0,547.0,3249.0,18.0,19.0,5.6,165.0,399.0,1573.0,12.0,3.9,95.0,99.0,767.0,16.0,0,0
469,New England Patriots,2009,1,0,0,0,1,427,6357,1076,5.9,22,9,373,390,592,4436,28,13,7.3,222,466,1921,19,4.1,114,81,743,37,285.0,5123.0,941.0,5.4,28.0,10.0,289.0,300.0,512.0,3355.0,25.0,18.0,6.2,193.0,398.0,1768.0,6.0,4.4,80.0,91.0,780.0,16.0,0,0
470,New Orleans Saints,2009,0,1,1,1,3,510,6461,1032,6.3,28,16,348,378,544,4355,34,12,7.7,215,468,2106,21,4.5,115,89,787,18,341.0,5724.0,1044.0,5.5,39.0,13.0,310.0,330.0,574.0,3769.0,15.0,26.0,6.2,175.0,435.0,1955.0,19.0,4.5,111.0,86.0,717.0,24.0,1,1
473,Indianapolis Colts,2009,0,1,1,1,3,416,5809,980,5.9,24,5,339,402,601,4515,34,19,7.4,241,366,1294,16,3.5,69,74,546,29,307.0,5427.0,1084.0,5.0,26.0,10.0,320.0,372.0,583.0,3403.0,19.0,16.0,5.5,203.0,467.0,2024.0,10.0,4.3,106.0,92.0,889.0,11.0,1,1
476,New Orleans Saints,2010,1,0,0,0,1,384,5960,1067,5.6,31,9,351,450,661,4441,33,22,6.5,236,380,1519,9,4.0,94,90,884,21,307.0,4900.0,948.0,5.2,25.0,16.0,273.0,306.0,494.0,3103.0,13.0,9.0,5.9,150.0,421.0,1797.0,13.0,4.3,94.0,88.0,701.0,29.0,0,0
477,Baltimore Ravens,2010,1,1,0,0,2,357,5166,1018,5.1,20,10,303,308,491,3335,25,10,6.3,175,487,1831,11,3.8,97,90,673,31,270.0,5102.0,1007.0,5.1,27.0,8.0,284.0,349.0,596.0,3599.0,22.0,19.0,5.8,187.0,384.0,1503.0,5.0,3.9,79.0,117.0,984.0,18.0,0,0
479,New England Patriots,2010,0,1,0,0,1,518,5820,986,5.9,10,5,335,331,507,3847,37,5,7.2,196,454,1973,19,4.3,119,83,766,20,313.0,5864.0,1056.0,5.6,38.0,13.0,348.0,388.0,611.0,4136.0,25.0,25.0,6.4,226.0,409.0,1728.0,10.0,4.2,99.0,84.0,687.0,23.0,0,0
480,Indianapolis Colts,2010,1,0,0,0,1,435,6092,1088,5.6,25,8,366,450,679,4609,33,17,6.6,253,393,1483,13,3.8,87,79,709,26,388.0,5465.0,1010.0,5.4,21.0,11.0,314.0,356.0,535.0,3433.0,22.0,10.0,6.1,190.0,445.0,2032.0,14.0,4.6,111.0,95.0,812.0,13.0,0,0
481,Atlanta Falcons,2010,0,1,0,0,1,414,5458,1097,5.0,17,8,353,361,577,3567,28,9,5.9,200,497,1891,14,3.8,111,58,598,42,288.0,5319.0,957.0,5.6,31.0,9.0,284.0,364.0,560.0,3625.0,23.0,22.0,6.1,183.0,366.0,1694.0,9.0,4.6,87.0,116.0,1003.0,14.0,0,0
482,Chicago Bears,2010,0,1,1,0,2,334,4631,936,4.9,31,10,263,276,466,3015,23,21,5.8,163,414,1616,10,3.9,76,91,768,24,286.0,5029.0,1002.0,5.0,35.0,14.0,282.0,363.0,582.0,3588.0,14.0,21.0,5.8,183.0,386.0,1441.0,14.0,3.7,88.0,93.0,790.0,11.0,1,0
484,New York Jets,2010,1,1,1,0,3,367,5616,1087,5.2,21,7,307,288,525,3242,20,14,5.9,171,534,2374,14,4.4,118,103,934,18,304.0,4664.0,979.0,4.8,30.0,18.0,272.0,269.0,531.0,3210.0,24.0,12.0,5.6,169.0,408.0,1454.0,11.0,3.6,70.0,74.0,679.0,33.0,1,0
487,Philadelphia Eagles,2010,1,0,0,0,1,439,6230,1038,6.0,25,12,322,348,561,3906,28,13,6.4,189,428,2324,18,5.4,116,129,1101,17,377.0,5235.0,998.0,5.2,34.0,11.0,309.0,309.0,536.0,3469.0,31.0,23.0,6.0,185.0,423.0,1766.0,12.0,4.2,91.0,87.0,724.0,33.0,0,0
488,Seattle Seahawks,2010,1,1,0,0,2,310,4765,964,4.9,31,11,260,324,544,3341,14,20,5.8,159,385,1424,13,3.7,81,101,890,20,407.0,5897.0,1074.0,5.5,22.0,10.0,313.0,339.0,585.0,3994.0,31.0,12.0,6.4,206.0,452.0,1903.0,13.0,4.2,91.0,91.0,706.0,16.0,0,0
490,Kansas City Chiefs,2010,1,0,0,0,1,366,5595,1063,5.3,14,6,319,274,475,2968,27,8,5.9,167,556,2627,13,4.7,129,90,771,23,326.0,5283.0,1028.0,5.1,23.0,9.0,293.0,319.0,581.0,3519.0,23.0,14.0,5.7,186.0,408.0,1764.0,11.0,4.3,88.0,111.0,922.0,19.0,0,0
491,Green Bay Packers,2010,1,1,1,1,4,388,5730,1000,5.7,22,9,312,352,541,4124,31,13,7.1,204,421,1606,11,3.8,88,78,617,20,240.0,4945.0,969.0,5.1,32.0,8.0,270.0,296.0,527.0,3107.0,16.0,24.0,5.4,163.0,395.0,1838.0,6.0,4.7,82.0,98.0,758.0,25.0,1,1
495,Pittsburgh Steelers,2010,0,1,1,1,3,375,5525,993,5.6,18,9,295,298,479,3601,22,9,6.9,175,471,1924,15,4.1,106,100,903,14,232.0,4429.0,974.0,4.5,35.0,14.0,272.0,363.0,593.0,3425.0,15.0,21.0,5.3,182.0,333.0,1004.0,5.0,3.0,61.0,86.0,716.0,29.0,1,1
498,Detroit Lions,2011,1,0,0,0,1,474,6337,1058,6.0,23,7,349,423,666,4814,41,16,6.9,244,356,1523,9,4.3,71,128,1075,34,387.0,5881.0,1055.0,5.6,34.0,13.0,325.0,376.0,604.0,3831.0,26.0,21.0,5.9,195.0,410.0,2050.0,10.0,5.0,91.0,119.0,982.0,39.0,0,0
499,San Francisco 49ers,2011,0,1,1,0,2,380,4974,993,5.0,10,5,282,277,451,2930,18,5,5.9,150,498,2044,14,4.1,101,113,1014,31,229.0,4931.0,974.0,5.1,38.0,15.0,267.0,333.0,579.0,3695.0,20.0,23.0,6.0,190.0,353.0,1236.0,3.0,3.5,53.0,98.0,867.0,24.0,1,0
501,Pittsburgh Steelers,2011,1,0,0,0,1,325,5957,1015,5.9,28,13,341,341,539,4054,21,15,7.0,221,434,1903,13,4.4,96,101,854,24,227.0,4348.0,964.0,4.5,15.0,4.0,264.0,289.0,530.0,2751.0,15.0,11.0,4.9,156.0,399.0,1597.0,7.0,4.0,82.0,96.0,777.0,26.0,0,0
502,Baltimore Ravens,2011,0,1,1,0,2,378,5419,1036,5.2,24,12,312,314,544,3423,21,12,5.9,181,459,1996,15,4.3,98,92,742,33,266.0,4622.0,1002.0,4.6,26.0,11.0,269.0,288.0,535.0,3140.0,11.0,15.0,5.4,166.0,419.0,1482.0,10.0,3.5,79.0,103.0,1032.0,24.0,1,0
504,Green Bay Packers,2011,0,1,0,0,1,560,6482,988,6.6,14,6,353,376,552,4924,51,8,8.3,230,395,1558,12,3.9,89,76,591,34,359.0,6585.0,1049.0,6.3,38.0,7.0,358.0,390.0,637.0,4796.0,29.0,31.0,7.2,246.0,383.0,1789.0,10.0,4.7,96.0,122.0,948.0,16.0,0,0
505,Atlanta Falcons,2011,1,0,0,0,1,402,6026,1073,5.6,21,8,349,365,594,4192,29,13,6.8,215,453,1834,14,4.0,100,93,769,34,350.0,5338.0,965.0,5.5,29.0,10.0,292.0,340.0,560.0,3786.0,25.0,19.0,6.4,186.0,372.0,1552.0,10.0,4.2,87.0,101.0,843.0,19.0,0,0
506,New York Giants,2011,1,1,1,1,4,394,6161,1028,6.0,24,8,331,359,589,4734,29,16,7.7,216,411,1427,17,3.5,84,94,795,31,400.0,6022.0,1072.0,5.6,31.0,11.0,338.0,361.0,589.0,4082.0,28.0,20.0,6.4,210.0,435.0,1940.0,15.0,4.5,103.0,110.0,933.0,25.0,1,1
510,Cincinnati Bengals,2011,1,0,0,0,1,344,5118,1015,5.0,22,8,285,308,535,3340,21,14,6.0,160,455,1778,10,3.9,93,99,874,32,323.0,5060.0,1009.0,5.0,22.0,12.0,284.0,319.0,539.0,3385.0,21.0,10.0,5.8,170.0,425.0,1675.0,14.0,3.9,94.0,101.0,878.0,20.0,0,0
511,Denver Broncos,2011,1,1,0,0,2,309,5066,1017,5.0,30,17,286,217,429,2434,20,13,5.2,130,546,2632,11,4.8,129,101,843,27,390.0,5725.0,1063.0,5.4,18.0,9.0,315.0,333.0,534.0,3704.0,24.0,9.0,6.4,182.0,488.0,2021.0,11.0,4.1,101.0,99.0,845.0,32.0,0,0
513,New Orleans Saints,2011,1,1,0,0,2,547,7474,1117,6.7,19,5,416,472,662,5347,46,14,7.8,280,431,2127,16,4.9,116,99,851,20,339.0,5895.0,1010.0,5.8,16.0,7.0,326.0,362.0,626.0,4157.0,24.0,9.0,6.3,196.0,351.0,1738.0,11.0,5.0,92.0,109.0,912.0,38.0,0,0
515,Houston Texans,2011,1,1,0,0,2,381,5954,1046,5.7,20,11,321,288,467,3506,20,9,7.0,176,546,2448,18,4.5,131,99,852,14,278.0,4571.0,960.0,4.8,27.0,10.0,270.0,279.0,538.0,3035.0,18.0,17.0,5.2,166.0,378.0,1536.0,8.0,4.1,73.0,88.0,686.0,31.0,0,0
517,New England Patriots,2011,0,1,1,1,3,513,6848,1082,6.3,17,5,399,402,612,5084,39,12,7.9,262,438,1764,18,4.0,107,87,815,30,342.0,6577.0,1064.0,6.2,34.0,11.0,370.0,386.0,619.0,4703.0,26.0,23.0,7.1,245.0,405.0,1874.0,13.0,4.6,101.0,115.0,907.0,24.0,1,1
520,San Francisco 49ers,2012,0,1,1,1,3,397,5789,969,6.0,16,8,322,289,436,3298,23,8,6.9,172,492,2491,17,5.1,128,109,960,22,273.0,4710.0,1012.0,4.7,25.0,11.0,284.0,337.0,567.0,3203.0,19.0,14.0,5.3,178.0,407.0,1507.0,7.0,3.7,72.0,93.0,758.0,34.0,1,1
523,Minnesota Vikings,2012,1,0,0,0,1,379,5385,1001,5.4,23,11,306,300,483,2751,18,12,5.3,163,486,2634,16,5.4,113,90,830,30,348.0,5600.0,1083.0,5.2,22.0,12.0,345.0,391.0,612.0,3908.0,28.0,10.0,6.0,229.0,427.0,1692.0,10.0,4.0,82.0,111.0,949.0,34.0,0,0
524,Seattle Seahawks,2012,1,1,0,0,2,412,5610,974,5.8,18,8,311,259,405,3031,27,10,6.9,153,536,2579,16,4.8,129,110,890,29,245.0,4899.0,968.0,5.1,31.0,13.0,295.0,327.0,564.0,3250.0,15.0,18.0,5.4,186.0,368.0,1649.0,8.0,4.5,80.0,102.0,902.0,29.0,0,0
526,Indianapolis Colts,2012,1,0,0,0,1,357,5799,1109,5.2,27,9,360,339,628,4128,23,18,6.2,208,440,1671,11,3.8,110,94,801,42,387.0,5988.0,995.0,6.0,15.0,3.0,325.0,334.0,535.0,3788.0,23.0,12.0,6.7,190.0,428.0,2200.0,14.0,5.1,102.0,128.0,1208.0,33.0,0,0
527,Baltimore Ravens,2012,1,1,1,1,4,398,5640,1042,5.4,16,5,314,334,560,3739,22,11,6.3,182,444,1901,17,4.3,98,121,1127,34,344.0,5615.0,1086.0,5.2,25.0,12.0,326.0,335.0,557.0,3650.0,15.0,13.0,6.1,187.0,492.0,1965.0,15.0,4.0,105.0,107.0,929.0,34.0,1,1
531,Cincinnati Bengals,2012,1,0,0,0,1,391,5323,1016,5.2,26,10,292,335,540,3578,28,16,6.1,173,430,1745,11,4.1,95,99,857,24,320.0,5115.0,1034.0,4.9,30.0,16.0,307.0,346.0,560.0,3400.0,16.0,14.0,5.6,183.0,423.0,1715.0,13.0,4.1,99.0,90.0,779.0,25.0,0,0
532,New England Patriots,2012,0,1,1,0,2,557,6846,1191,5.7,16,7,444,402,641,4662,34,9,7.0,256,523,2184,25,4.2,151,97,840,37,331.0,5972.0,1046.0,5.7,41.0,21.0,340.0,369.0,594.0,4342.0,27.0,20.0,6.9,207.0,415.0,1630.0,10.0,3.9,100.0,101.0,932.0,33.0,1,0
534,Green Bay Packers,2012,1,1,0,0,2,433,5751,1042,5.5,16,8,341,374,558,4049,40,8,6.6,213,433,1702,9,3.9,85,103,923,43,336.0,5388.0,1033.0,5.2,23.0,5.0,308.0,313.0,568.0,3492.0,24.0,18.0,5.7,191.0,418.0,1896.0,12.0,4.5,83.0,123.0,1055.0,34.0,0,0
536,Atlanta Falcons,2012,0,1,1,0,2,419,5906,1021,5.8,18,4,343,422,615,4509,32,14,7.0,247,378,1397,12,3.7,70,55,415,26,299.0,5849.0,991.0,5.9,31.0,11.0,298.0,337.0,551.0,3878.0,14.0,20.0,6.7,189.0,411.0,1971.0,16.0,4.8,99.0,83.0,641.0,10.0,1,0
538,Denver Broncos,2012,0,1,0,0,1,481,6366,1090,5.8,25,14,380,402,588,4534,37,11,7.4,232,481,1832,12,3.8,112,100,805,36,289.0,4652.0,1015.0,4.6,24.0,8.0,287.0,321.0,559.0,3194.0,25.0,16.0,5.2,183.0,404.0,1458.0,5.0,3.6,73.0,123.0,951.0,31.0,0,0
539,Washington Redskins,2012,1,0,0,0,1,436,6131,994,6.2,14,6,341,291,442,3422,24,8,7.2,171,519,2709,22,5.2,144,116,985,26,388.0,6043.0,1031.0,5.9,31.0,10.0,340.0,393.0,636.0,4511.0,31.0,21.0,6.8,223.0,363.0,1532.0,11.0,4.2,89.0,100.0,811.0,28.0,0,0
540,Houston Texans,2012,1,1,0,0,2,416,5953,1090,5.5,17,4,341,354,554,3830,22,13,6.6,205,508,2123,19,4.2,114,108,873,22,331.0,5172.0,1015.0,5.1,29.0,14.0,292.0,308.0,581.0,3612.0,29.0,15.0,5.8,167.0,390.0,1560.0,5.0,4.0,94.0,90.0,863.0,31.0,0,0
542,San Diego Chargers,2013,1,1,0,0,2,396,6293,1060,5.9,21,10,373,378,544,4328,32,11,7.5,230,486,1965,9,4.0,104,95,765,39,348.0,5864.0,959.0,6.1,17.0,6.0,327.0,364.0,548.0,4139.0,23.0,11.0,7.1,208.0,376.0,1725.0,14.0,4.6,98.0,100.0,850.0,21.0,0,0
544,Seattle Seahawks,2013,0,1,1,1,3,417,5424,973,5.6,19,10,307,267,420,3236,27,9,7.0,160,509,2188,14,4.3,116,128,1183,31,231.0,4378.0,990.0,4.4,39.0,11.0,282.0,309.0,524.0,2752.0,16.0,28.0,4.8,156.0,422.0,1626.0,4.0,3.9,83.0,98.0,879.0,43.0,1,1
547,Denver Broncos,2013,0,1,1,1,3,606,7317,1156,6.3,26,16,435,461,675,5444,55,10,7.8,293,461,1873,16,4.1,107,117,1000,35,399.0,5696.0,1074.0,5.3,26.0,9.0,339.0,357.0,613.0,4070.0,29.0,17.0,6.2,208.0,420.0,1626.0,15.0,3.9,90.0,97.0,807.0,41.0,1,1
550,San Francisco 49ers,2013,1,1,1,0,3,406,5180,961,5.4,18,10,286,244,417,2979,21,8,6.5,148,505,2201,18,4.4,115,103,845,23,272.0,5071.0,1020.0,5.0,30.0,12.0,284.0,345.0,585.0,3536.0,19.0,18.0,5.7,181.0,397.0,1535.0,11.0,3.9,77.0,96.0,878.0,26.0,1,0
553,Cincinnati Bengals,2013,1,0,0,0,1,430,5891,1097,5.4,30,10,330,364,587,4136,33,20,6.7,205,481,1755,14,3.6,101,102,1000,24,305.0,4888.0,1042.0,4.7,31.0,11.0,282.0,362.0,614.0,3344.0,22.0,20.0,5.1,178.0,385.0,1544.0,6.0,4.0,72.0,69.0,692.0,32.0,0,0
554,Philadelphia Eagles,2013,1,0,0,0,1,442,6676,1054,6.3,19,10,355,310,508,4110,32,9,7.4,197,500,2566,19,5.1,133,95,846,25,382.0,6304.0,1150.0,5.5,31.0,12.0,368.0,408.0,670.0,4636.0,25.0,19.0,6.6,239.0,443.0,1668.0,12.0,3.8,100.0,106.0,855.0,29.0,0,0
555,Green Bay Packers,2013,1,0,0,0,1,417,6404,1074,6.0,25,9,351,366,570,4268,25,16,6.9,201,459,2136,17,4.7,119,86,801,31,428.0,5956.0,1015.0,5.9,22.0,11.0,330.0,332.0,539.0,3956.0,30.0,11.0,6.8,190.0,432.0,2000.0,16.0,4.6,116.0,99.0,883.0,24.0,0,0
556,Indianapolis Colts,2013,1,1,0,0,2,391,5468,1023,5.3,14,4,318,350,582,3725,23,10,6.1,191,409,1743,15,4.3,88,66,576,39,336.0,5713.0,1026.0,5.6,27.0,12.0,319.0,324.0,536.0,3711.0,21.0,15.0,6.4,191.0,448.0,2002.0,14.0,4.5,101.0,112.0,990.0,27.0,0,0
558,New Orleans Saints,2013,1,1,0,0,2,414,6391,1079,5.9,19,7,359,446,651,4918,39,12,7.1,244,391,1473,10,3.8,87,95,817,28,304.0,4891.0,943.0,5.2,19.0,7.0,274.0,304.0,507.0,3105.0,20.0,12.0,5.6,168.0,387.0,1786.0,11.0,4.6,82.0,91.0,750.0,24.0,0,0
560,Kansas City Chiefs,2013,1,0,0,0,1,430,5396,1029,5.2,18,10,323,333,546,3340,24,8,5.7,179,442,2056,17,4.7,110,101,774,34,305.0,5885.0,1067.0,5.5,36.0,15.0,303.0,334.0,592.0,3962.0,25.0,21.0,6.2,189.0,428.0,1923.0,9.0,4.5,88.0,112.0,852.0,26.0,0,0
561,New England Patriots,2013,0,1,1,0,2,444,6152,1138,5.4,20,9,378,380,628,4087,25,11,6.1,225,470,2065,19,4.4,110,69,625,43,338.0,5969.0,1118.0,5.3,29.0,12.0,338.0,336.0,589.0,3824.0,25.0,17.0,6.0,208.0,481.0,2145.0,11.0,4.5,110.0,110.0,951.0,20.0,1,0
563,Carolina Panthers,2013,0,1,0,0,1,366,5069,999,5.1,19,6,319,292,473,3043,24,13,5.9,169,483,2026,14,4.2,122,80,671,28,241.0,4820.0,975.0,4.9,30.0,10.0,278.0,375.0,563.0,3429.0,17.0,20.0,5.5,178.0,352.0,1391.0,4.0,4.0,70.0,84.0,753.0,30.0,0,0
564,Seattle Seahawks,2014,0,1,1,1,3,394,6012,1021,5.9,14,7,328,287,454,3250,20,7,6.6,160,525,2762,20,5.3,144,130,1009,24,254.0,4274.0,924.0,4.6,24.0,11.0,277.0,313.0,507.0,2970.0,17.0,13.0,5.5,175.0,380.0,1304.0,8.0,3.4,70.0,70.0,613.0,32.0,1,1
567,Denver Broncos,2014,0,1,0,0,1,482,6446,1067,6.0,20,5,360,399,607,4661,40,15,7.5,227,443,1785,15,4.0,98,120,1045,35,354.0,4883.0,1031.0,4.7,25.0,7.0,311.0,399.0,641.0,3607.0,29.0,18.0,5.3,219.0,349.0,1276.0,9.0,3.7,60.0,103.0,816.0,32.0,0,0
568,Indianapolis Colts,2014,1,1,1,0,3,458,6506,1105,5.9,31,15,371,410,661,4894,42,16,7.1,251,415,1612,9,3.9,80,105,848,40,369.0,5483.0,1007.0,5.4,26.0,14.0,309.0,320.0,543.0,3669.0,27.0,12.0,6.3,175.0,423.0,1814.0,14.0,4.3,103.0,101.0,866.0,31.0,1,0
571,Arizona Cardinals,2014,1,0,0,0,1,310,5116,993,5.2,17,5,302,320,568,3808,21,12,6.4,191,397,1308,6,3.3,67,91,707,44,299.0,5891.0,1010.0,5.8,25.0,7.0,300.0,365.0,579.0,4152.0,22.0,18.0,6.8,195.0,396.0,1739.0,9.0,4.4,77.0,130.0,1192.0,28.0,0,0
572,Green Bay Packers,2014,0,1,1,0,2,486,6178,1001,6.2,13,7,356,349,536,4261,38,6,7.5,222,435,1917,14,4.4,104,92,775,30,348.0,5542.0,1054.0,5.3,27.0,9.0,339.0,333.0,564.0,3623.0,26.0,18.0,6.0,196.0,449.0,1919.0,11.0,4.3,116.0,104.0,945.0,27.0,1,0
574,Cincinnati Bengals,2014,1,0,0,0,1,365,5568,1018,5.5,26,9,313,323,503,3421,20,17,6.5,164,492,2147,19,4.4,122,102,812,27,344.0,5749.0,1067.0,5.4,26.0,6.0,337.0,365.0,608.0,3888.0,18.0,20.0,6.2,197.0,439.0,1861.0,16.0,4.2,105.0,105.0,876.0,35.0,0,0
575,Carolina Panthers,2014,1,1,0,0,2,339,5547,1060,5.2,23,11,347,327,545,3511,23,12,6.0,199,473,2036,10,4.3,117,83,756,31,374.0,5437.0,999.0,5.4,26.0,12.0,309.0,364.0,562.0,3645.0,25.0,14.0,6.1,193.0,397.0,1792.0,14.0,4.5,91.0,97.0,760.0,25.0,0,0
577,Detroit Lions,2014,1,0,0,0,1,321,5452,1045,5.2,20,8,310,365,604,4030,22,12,6.2,210,396,1422,11,3.6,72,118,989,28,282.0,4815.0,984.0,4.9,27.0,7.0,310.0,383.0,592.0,3706.0,23.0,20.0,5.8,209.0,350.0,1109.0,8.0,3.2,59.0,99.0,849.0,42.0,0,0
578,Dallas Cowboys,2014,1,1,0,0,2,467,6138,1014,6.1,25,14,342,328,476,3784,37,11,7.5,205,508,2354,16,4.6,106,105,839,31,352.0,5681.0,978.0,5.8,31.0,13.0,315.0,371.0,558.0,4031.0,22.0,18.0,6.9,195.0,392.0,1650.0,18.0,4.2,86.0,104.0,861.0,34.0,0,0
580,Baltimore Ravens,2014,1,1,0,0,2,409,5838,1021,5.7,20,8,345,344,554,3819,27,12,6.7,194,448,2019,16,4.5,113,111,870,38,302.0,5391.0,1034.0,5.2,22.0,11.0,311.0,382.0,595.0,3979.0,22.0,11.0,6.2,205.0,390.0,1412.0,8.0,3.6,75.0,110.0,1007.0,31.0,0,0
582,Pittsburgh Steelers,2014,1,0,0,0,1,436,6577,1068,6.2,21,11,379,411,612,4825,33,10,7.5,243,423,1752,10,4.1,98,103,834,38,368.0,5654.0,944.0,6.0,21.0,10.0,314.0,350.0,543.0,4049.0,30.0,11.0,7.0,193.0,368.0,1605.0,9.0,4.4,88.0,97.0,835.0,33.0,0,0
583,New England Patriots,2014,0,1,1,1,3,468,5848,1073,5.5,13,4,361,392,609,4121,34,9,6.5,228,438,1727,13,3.9,96,120,1080,37,313.0,5506.0,1033.0,5.3,25.0,9.0,329.0,342.0,574.0,3837.0,24.0,16.0,6.2,196.0,419.0,1669.0,6.0,4.0,88.0,92.0,752.0,45.0,1,1
586,New England Patriots,2015,0,1,1,0,2,465,5991,1050,5.7,14,7,348,404,629,4587,36,7,6.9,230,383,1404,14,3.7,87,96,860,31,315.0,5430.0,1042.0,5.2,21.0,9.0,303.0,361.0,596.0,3852.0,24.0,12.0,6.0,204.0,397.0,1578.0,8.0,4.0,77.0,112.0,1013.0,22.0,1,0
588,Carolina Panthers,2015,0,1,1,1,3,500,5871,1060,5.5,19,9,357,300,501,3589,35,10,6.7,197,526,2282,19,4.3,136,103,887,24,308.0,5167.0,1058.0,4.9,39.0,15.0,298.0,390.0,650.0,3752.0,21.0,24.0,5.4,198.0,364.0,1415.0,11.0,3.9,74.0,99.0,822.0,26.0,1,1
591,Arizona Cardinals,2015,0,1,1,0,2,489,6533,1041,6.3,24,11,373,353,562,4616,35,13,7.8,237,452,1917,16,4.2,92,94,758,44,313.0,5147.0,982.0,5.2,33.0,14.0,284.0,343.0,573.0,3687.0,24.0,19.0,6.1,177.0,373.0,1460.0,9.0,3.9,79.0,130.0,1202.0,28.0,1,0
593,Seattle Seahawks,2015,1,1,0,0,2,423,6058,1035,5.9,16,8,335,333,489,3790,34,8,7.1,190,500,2268,10,4.5,128,117,1007,17,277.0,4668.0,947.0,4.9,23.0,9.0,273.0,333.0,548.0,3364.0,14.0,14.0,5.8,175.0,362.0,1304.0,10.0,3.6,71.0,94.0,795.0,27.0,0,0
595,Pittsburgh Steelers,2015,1,1,0,0,2,423,6327,1011,6.3,28,7,331,391,590,4603,26,21,7.4,207,388,1724,16,4.4,91,94,868,33,319.0,5809.0,1055.0,5.5,30.0,13.0,327.0,402.0,625.0,4350.0,29.0,17.0,6.5,231.0,382.0,1459.0,6.0,3.8,71.0,121.0,1199.0,25.0,0,0
597,Minnesota Vikings,2015,1,0,0,0,1,365,5139,973,5.3,17,8,297,294,454,2928,14,9,5.9,153,474,2211,18,4.7,113,88,797,31,302.0,5510.0,1015.0,5.4,22.0,9.0,318.0,359.0,561.0,3762.0,24.0,13.0,6.2,189.0,411.0,1748.0,7.0,4.3,94.0,109.0,875.0,35.0,0,0
598,Denver Broncos,2015,0,1,1,1,3,355,5688,1056,5.4,31,8,314,368,606,3970,19,23,6.2,201,411,1718,13,4.2,85,115,1063,28,296.0,4530.0,1033.0,4.4,27.0,13.0,289.0,344.0,573.0,3193.0,19.0,14.0,5.1,162.0,408.0,1337.0,10.0,3.3,81.0,104.0,773.0,46.0,1,1
601,Washington Redskins,2015,1,0,0,0,1,388,5661,1011,5.6,22,11,317,386,555,4095,30,11,7.0,208,429,1566,9,3.7,81,105,828,28,379.0,6090.0,1010.0,6.0,27.0,16.0,329.0,354.0,566.0,4128.0,30.0,11.0,6.8,202.0,406.0,1962.0,10.0,4.8,103.0,112.0,955.0,24.0,0,0
602,Houston Texans,2015,1,0,0,0,1,339,5564,1127,4.9,20,8,335,358,619,3833,29,12,5.9,210,472,1731,7,3.7,90,107,910,35,313.0,4963.0,986.0,5.0,25.0,11.0,281.0,326.0,553.0,3366.0,24.0,14.0,5.6,173.0,388.0,1597.0,10.0,4.1,79.0,116.0,991.0,29.0,0,0
603,Green Bay Packers,2015,1,1,0,0,2,368,5353,1056,5.1,17,9,317,348,573,3503,31,8,5.7,173,436,1850,8,4.2,100,105,906,44,323.0,5547.0,1014.0,5.5,22.0,6.0,300.0,321.0,551.0,3642.0,20.0,16.0,6.1,183.0,420.0,1905.0,13.0,4.5,96.0,120.0,1107.0,21.0,0,0
605,Cincinnati Bengals,2015,1,0,0,0,1,419,5728,1004,5.7,17,8,324,334,505,3923,31,9,7.3,191,467,1805,18,3.9,99,111,917,34,279.0,5453.0,1032.0,5.3,28.0,7.0,307.0,415.0,646.0,3976.0,18.0,21.0,5.8,202.0,344.0,1477.0,8.0,4.3,74.0,116.0,1063.0,31.0,0,0
606,Kansas City Chiefs,2015,1,1,0,0,2,405,5299,955,5.5,15,8,303,310,473,3255,20,7,6.3,155,436,2044,19,4.7,116,104,878,32,287.0,5269.0,1037.0,5.1,29.0,7.0,313.0,349.0,607.0,3698.0,25.0,22.0,5.7,193.0,383.0,1571.0,7.0,4.1,86.0,110.0,941.0,34.0,0,0
608,Green Bay Packers,2016,1,1,1,0,3,432,5900,1029,5.7,17,9,349,403,620,4199,40,8,6.4,222,374,1701,11,4.5,91,100,827,36,388.0,5823.0,987.0,5.9,25.0,8.0,329.0,370.0,571.0,4308.0,32.0,17.0,7.1,227.0,376.0,1515.0,11.0,4.0,80.0,109.0,964.0,22.0,1,0
611,Atlanta Falcons,2016,0,1,1,1,3,540,6653,995,6.7,11,4,379,374,537,4725,38,7,8.2,239,421,1928,20,4.6,108,104,848,32,406.0,5939.0,1059.0,5.6,22.0,10.0,358.0,422.0,655.0,4267.0,31.0,12.0,6.2,232.0,370.0,1672.0,15.0,4.5,95.0,113.0,974.0,31.0,1,1
614,New England Patriots,2016,0,1,1,1,3,441,6180,1056,5.9,11,9,351,368,550,4308,32,2,7.5,203,482,1872,19,3.9,109,93,819,39,250.0,5223.0,998.0,5.2,23.0,10.0,294.0,368.0,596.0,3806.0,21.0,13.0,6.0,190.0,368.0,1417.0,6.0,3.9,81.0,113.0,930.0,23.0,1,1
617,Oakland Raiders,2016,1,0,0,0,1,416,5973,1048,5.7,14,7,333,379,596,4051,29,7,6.6,198,434,1922,17,4.4,98,147,1247,37,385.0,6001.0,987.0,6.1,30.0,14.0,318.0,328.0,541.0,4120.0,27.0,16.0,7.3,188.0,421.0,1881.0,18.0,4.5,94.0,115.0,1062.0,36.0,0,0
618,New York Giants,2016,1,0,0,0,1,310,5291,1018,5.2,27,11,289,377,598,3879,26,16,6.3,190,398,1412,6,3.5,73,88,857,26,284.0,5435.0,1062.0,5.1,25.0,8.0,298.0,369.0,630.0,4018.0,15.0,17.0,6.0,191.0,397.0,1417.0,10.0,3.6,82.0,104.0,853.0,25.0,0,0
619,Pittsburgh Steelers,2016,1,1,1,0,3,399,5962,1026,5.8,18,3,336,381,596,4202,33,15,6.8,210,409,1760,13,4.3,97,112,1068,29,327.0,5482.0,997.0,5.5,23.0,10.0,313.0,381.0,590.0,3882.0,20.0,13.0,6.2,184.0,369.0,1600.0,15.0,4.3,95.0,109.0,920.0,34.0,1,0
622,Houston Texans,2016,1,1,0,0,2,279,5035,1071,4.7,24,8,305,347,583,3176,15,16,5.2,173,456,1859,8,4.1,102,87,868,30,328.0,4821.0,950.0,5.1,17.0,6.0,272.0,319.0,522.0,3226.0,20.0,11.0,5.8,157.0,397.0,1595.0,13.0,4.0,87.0,114.0,949.0,28.0,0,0
624,Kansas City Chiefs,2016,0,1,0,0,1,389,5488,990,5.5,17,9,305,365,546,3740,19,8,6.5,197,412,1748,15,4.2,86,109,848,22,311.0,5896.0,1063.0,5.5,33.0,15.0,342.0,350.0,598.0,3958.0,23.0,18.0,6.3,209.0,437.0,1938.0,10.0,4.4,102.0,109.0,797.0,31.0,0,0
625,Miami Dolphins,2016,1,0,0,0,1,363,5324,913,5.8,23,8,278,316,477,3500,27,15,6.9,167,406,1824,14,4.5,90,125,1142,21,380.0,6122.0,1088.0,5.6,25.0,9.0,349.0,368.0,591.0,3875.0,30.0,16.0,6.2,199.0,464.0,2247.0,12.0,4.8,109.0,109.0,919.0,41.0,0,0
626,Detroit Lions,2016,1,0,0,0,1,346,5421,981,5.5,15,5,329,388,594,4111,24,10,6.5,217,350,1310,9,3.7,76,100,861,36,358.0,5676.0,964.0,5.9,14.0,4.0,333.0,399.0,549.0,3975.0,33.0,10.0,6.9,206.0,389.0,1701.0,8.0,4.4,99.0,122.0,979.0,28.0,0,0
627,Dallas Cowboys,2016,0,1,0,0,1,421,6027,1010,6.0,15,9,358,325,483,3631,25,6,7.1,191,499,2396,24,4.8,142,105,879,25,306.0,5503.0,1009.0,5.5,20.0,11.0,330.0,425.0,633.0,4167.0,25.0,9.0,6.2,226.0,340.0,1336.0,9.0,3.9,79.0,90.0,784.0,25.0,0,0
628,Seattle Seahawks,2016,1,1,0,0,2,354,5715,1012,5.6,18,6,313,368,567,4124,23,12,6.8,203,403,1591,13,3.9,85,117,970,25,292.0,5099.0,1020.0,5.0,19.0,8.0,307.0,331.0,537.0,3612.0,16.0,11.0,6.2,180.0,441.0,1487.0,16.0,3.4,94.0,103.0,925.0,33.0,0,0
630,Kansas City Chiefs,2017,1,0,0,0,1,415,6007,985,6.1,11,3,322,363,543,4104,26,8,7.1,198,405,1903,12,4.7,95,118,1044,29,339.0,5842.0,1044.0,5.6,26.0,10.0,352.0,325.0,570.0,3952.0,23.0,16.0,6.6,204.0,443.0,1890.0,15.0,4.3,112.0,107.0,864.0,36.0,0,0
631,Minnesota Vikings,2017,0,1,1,0,2,382,5710,1055,5.4,14,6,334,357,527,3753,25,8,6.8,196,501,1957,15,3.9,100,100,949,38,252.0,4415.0,956.0,4.6,19.0,5.0,260.0,324.0,555.0,3078.0,13.0,14.0,5.2,168.0,364.0,1337.0,10.0,3.7,59.0,105.0,928.0,33.0,1,0
633,Buffalo Bills,2017,1,0,0,0,1,302,4842,1010,4.8,16,6,278,289,476,2825,16,10,5.4,149,487,2017,12,4.1,105,98,872,24,359.0,5682.0,1066.0,5.3,25.0,7.0,348.0,370.0,573.0,3688.0,14.0,18.0,6.1,199.0,466.0,1994.0,22.0,4.3,121.0,97.0,873.0,28.0,0,0
634,New Orleans Saints,2017,1,1,0,0,2,448,6259,1000,6.3,18,10,332,386,536,4189,23,8,7.5,201,444,2070,23,4.7,111,105,967,20,326.0,5384.0,1002.0,5.4,25.0,5.0,308.0,329.0,554.0,3597.0,22.0,20.0,6.0,172.0,406.0,1787.0,11.0,4.4,92.0,108.0,850.0,44.0,0,0
636,Carolina Panthers,2017,1,0,0,0,1,363,5179,1026,5.0,22,6,320,293,501,3077,22,16,5.7,167,490,2102,15,4.3,121,83,682,32,327.0,5074.0,953.0,5.3,21.0,11.0,282.0,351.0,550.0,3665.0,25.0,10.0,6.1,187.0,353.0,1409.0,7.0,4.0,69.0,101.0,867.0,26.0,0,0
637,Pittsburgh Steelers,2017,0,1,0,0,1,406,6047,1051,5.8,20,5,348,384,590,4380,29,15,7.1,217,437,1667,12,3.8,96,101,897,35,308.0,4910.0,940.0,5.2,22.0,6.0,270.0,297.0,499.0,3217.0,20.0,16.0,5.8,157.0,385.0,1693.0,14.0,4.4,89.0,110.0,1041.0,24.0,0,0
638,New England Patriots,2017,0,1,1,1,3,458,6307,1070,5.9,12,4,389,389,587,4418,32,8,7.1,232,448,1889,16,4.2,107,95,835,50,296.0,5856.0,1022.0,5.7,18.0,6.0,325.0,367.0,590.0,4020.0,24.0,12.0,6.4,204.0,390.0,1836.0,6.0,4.7,98.0,111.0,1035.0,23.0,1,1
641,Tennessee Titans,2017,1,1,0,0,2,334,5024,974,5.2,25,8,290,306,496,3191,14,17,6.0,157,443,1833,18,4.1,97,85,785,36,356.0,5248.0,1046.0,5.0,21.0,9.0,323.0,369.0,605.0,3828.0,27.0,12.0,5.9,231.0,398.0,1420.0,5.0,3.6,68.0,119.0,942.0,24.0,0,0
643,Jacksonville Jaguars,2017,1,1,1,0,3,417,5855,1078,5.4,23,10,332,316,527,3593,21,13,6.5,193,527,2262,18,4.3,101,112,936,38,268.0,4578.0,993.0,4.6,33.0,12.0,257.0,289.0,509.0,2718.0,17.0,21.0,4.8,143.0,429.0,1860.0,9.0,4.3,91.0,112.0,1050.0,23.0,1,0
646,Atlanta Falcons,2017,1,1,0,0,2,353,5837,984,5.9,18,6,330,343,530,3990,21,12,7.2,200,430,1847,12,4.3,101,102,918,29,315.0,5094.0,994.0,5.1,16.0,8.0,323.0,362.0,553.0,3429.0,22.0,8.0,5.8,197.0,402.0,1665.0,9.0,4.1,97.0,103.0,880.0,29.0,0,0
648,Philadelphia Eagles,2017,0,1,1,1,3,457,5852,1073,5.5,20,11,338,341,564,3737,38,9,6.2,193,473,2115,9,4.5,108,116,962,37,295.0,4904.0,976.0,5.0,31.0,12.0,272.0,363.0,601.0,3637.0,24.0,19.0,5.7,177.0,337.0,1267.0,7.0,3.8,62.0,101.0,917.0,33.0,1,1
651,Los Angeles Rams,2017,1,0,0,0,1,478,5784,1000,5.8,21,14,311,320,518,3831,28,7,7.0,185,454,1953,17,4.3,97,107,922,29,329.0,5432.0,1021.0,5.3,28.0,10.0,300.0,324.0,555.0,3475.0,21.0,18.0,5.8,181.0,418.0,1957.0,15.0,4.7,86.0,102.0,808.0,33.0,0,0
652,New Orleans Saints,2018,0,1,1,0,2,504,6067,1010,6.0,16,9,377,381,519,4042,33,7,7.5,210,471,2025,26,4.3,134,94,939,33,353.0,5585.0,978.0,5.7,24.0,12.0,333.0,384.0,573.0,4302.0,30.0,12.0,6.9,224.0,356.0,1283.0,12.0,3.6,72.0,85.0,814.0,37.0,1,0
654,Los Angeles Chargers,2018,1,1,0,0,2,428,5962,945,6.3,19,7,338,348,512,4089,32,12,7.5,213,399,1873,16,4.7,100,113,967,25,329.0,5339.0,981.0,5.4,20.0,7.0,311.0,351.0,548.0,3646.0,23.0,13.0,6.2,178.0,395.0,1693.0,11.0,4.3,101.0,103.0,828.0,32.0,0,0
656,Indianapolis Colts,2018,1,1,0,0,2,433,6179,1070,5.8,24,9,371,432,644,4461,39,15,6.7,237,408,1718,13,4.2,96,120,953,38,344.0,5435.0,997.0,5.5,26.0,11.0,315.0,384.0,542.0,3805.0,21.0,15.0,6.6,203.0,417.0,1630.0,12.0,3.9,87.0,131.0,1115.0,25.0,0,0
658,Chicago Bears,2018,1,0,0,0,1,421,5502,1013,5.4,24,10,331,344,512,3564,28,14,6.5,177,468,1938,16,4.1,108,97,796,46,283.0,4795.0,1004.0,4.8,36.0,9.0,278.0,377.0,615.0,3515.0,22.0,27.0,5.3,186.0,339.0,1280.0,5.0,3.8,67.0,114.0,1022.0,25.0,0,0
659,Philadelphia Eagles,2018,1,1,0,0,2,367,5845,1037,5.6,23,12,346,422,599,4275,29,11,6.7,221,398,1570,12,3.9,94,100,852,31,348.0,5859.0,1002.0,5.8,17.0,7.0,308.0,417.0,626.0,4308.0,22.0,10.0,6.4,215.0,332.0,1551.0,14.0,4.7,71.0,115.0,995.0,22.0,0,0
661,New England Patriots,2018,0,1,1,1,3,436,6295,1073,5.9,18,7,365,378,574,4258,29,11,7.2,206,478,2037,18,4.3,131,93,744,28,325.0,5746.0,1002.0,5.7,28.0,10.0,322.0,370.0,605.0,3943.0,29.0,18.0,6.2,208.0,367.0,1803.0,7.0,4.9,93.0,91.0,838.0,21.0,1,1
664,Los Angeles Rams,2018,0,1,1,1,3,527,6738,1060,6.4,19,7,401,368,568,4507,32,12,7.5,236,459,2231,23,4.9,134,96,878,31,384.0,5737.0,960.0,6.0,30.0,12.0,322.0,347.0,533.0,3780.0,31.0,18.0,6.6,185.0,386.0,1957.0,12.0,5.1,101.0,99.0,852.0,36.0,1,1
667,Houston Texans,2018,1,0,0,0,1,402,5802,1040,5.6,16,7,333,345,506,3781,26,9,6.7,202,472,2021,12,4.3,94,105,787,37,316.0,5490.0,1022.0,5.4,29.0,14.0,298.0,385.0,594.0,4167.0,28.0,15.0,6.5,200.0,385.0,1323.0,8.0,3.4,76.0,117.0,945.0,22.0,0,0
668,Kansas City Chiefs,2018,0,1,1,0,2,565,6810,996,6.8,18,6,384,385,583,4955,50,12,8.1,239,387,1855,16,4.8,108,137,1152,37,421.0,6488.0,1109.0,5.9,27.0,12.0,419.0,406.0,632.0,4374.0,30.0,15.0,6.4,247.0,425.0,2114.0,19.0,5.0,129.0,107.0,881.0,43.0,1,0
670,Dallas Cowboys,2018,1,1,0,0,2,339,5501,1022,5.4,17,9,322,356,527,3538,22,8,6.1,184,439,1963,13,4.5,113,104,885,25,324.0,5268.0,981.0,5.4,20.0,11.0,309.0,367.0,542.0,3755.0,22.0,9.0,6.5,193.0,400.0,1513.0,12.0,3.8,89.0,89.0,681.0,27.0,0,0
672,Seattle Seahawks,2018,1,0,0,0,1,428,5653,1012,5.6,11,4,329,280,427,3093,35,7,6.5,156,534,2560,15,4.8,133,111,959,40,347.0,5653.0,955.0,5.9,26.0,14.0,323.0,355.0,546.0,3842.0,26.0,12.0,6.5,201.0,366.0,1811.0,9.0,4.9,91.0,108.0,981.0,31.0,0,0
673,Baltimore Ravens,2018,1,0,0,0,1,389,5999,1135,5.3,20,11,367,334,556,3558,18,9,6.1,184,547,2441,19,4.5,153,116,940,30,287.0,4687.0,974.0,4.8,17.0,5.0,286.0,337.0,577.0,3360.0,21.0,12.0,5.4,174.0,354.0,1327.0,11.0,3.7,82.0,113.0,1017.0,30.0,0,0
674,Baltimore Ravens,2019,0,1,0,0,1,531,6521,1064,6.1,15,7,386,289,440,3225,37,8,6.9,171,596,3296,21,5.5,188,109,867,27,282.0,4809.0,921.0,5.2,25.0,12.0,276.0,318.0,544.0,3315.0,15.0,13.0,5.7,163.0,340.0,1494.0,12.0,4.4,74.0,97.0,795.0,39.0,0,0
675,San Francisco 49ers,2019,0,1,1,1,3,479,6097,1012,6.0,23,10,336,331,478,3792,28,13,7.4,195,498,2305,23,4.6,110,105,939,31,310.0,4509.0,968.0,4.7,27.0,15.0,285.0,318.0,519.0,2707.0,23.0,12.0,4.8,150.0,401.0,1802.0,11.0,4.5,105.0,116.0,957.0,30.0,1,1
678,Minnesota Vikings,2019,1,1,0,0,2,407,5656,970,5.8,20,12,314,319,466,3523,26,8,7.1,171,476,2133,19,4.5,106,96,895,37,303.0,5465.0,1053.0,5.2,31.0,14.0,324.0,394.0,601.0,3737.0,23.0,17.0,5.8,215.0,404.0,1728.0,8.0,4.3,78.0,83.0,713.0,31.0,0,0
680,Seattle Seahawks,2019,1,1,0,0,2,405,5991,1046,5.7,20,14,341,341,517,3791,31,6,6.7,190,481,2200,15,4.6,121,109,882,30,398.0,6106.0,1014.0,6.0,32.0,16.0,346.0,383.0,598.0,4223.0,19.0,16.0,6.7,224.0,388.0,1883.0,22.0,4.9,97.0,96.0,798.0,25.0,0,0
682,Kansas City Chiefs,2019,0,1,1,1,3,451,6067,976,6.2,15,10,350,378,576,4498,30,5,7.5,211,375,1569,16,4.2,93,107,1029,46,308.0,5594.0,1043.0,5.4,23.0,7.0,344.0,352.0,582.0,3543.0,21.0,16.0,5.7,190.0,416.0,2051.0,14.0,4.9,115.0,116.0,844.0,39.0,1,1
685,Green Bay Packers,2019,0,1,1,0,2,376,5528,1020,5.4,13,9,320,356,573,3733,26,4,6.1,190,411,1795,18,4.4,90,100,774,40,313.0,5642.0,998.0,5.7,25.0,8.0,310.0,326.0,546.0,3721.0,19.0,17.0,6.3,191.0,411.0,1921.0,15.0,4.7,99.0,97.0,968.0,20.0,1,0
687,Houston Texans,2019,1,1,0,0,2,378,5792,1017,5.7,22,8,346,355,534,3783,27,14,6.5,203,434,2009,17,4.6,112,111,892,31,385.0,6213.0,1020.0,6.1,22.0,10.0,346.0,375.0,586.0,4276.0,33.0,12.0,6.9,220.0,403.0,1937.0,12.0,4.8,98.0,109.0,859.0,28.0,0,0
689,New England Patriots,2019,1,0,0,0,1,420,5664,1095,5.2,15,6,338,378,620,3961,25,9,6.1,197,447,1703,17,3.8,110,94,828,31,225.0,4414.0,948.0,4.7,36.0,11.0,261.0,303.0,536.0,2886.0,13.0,25.0,5.0,150.0,365.0,1528.0,7.0,4.2,72.0,107.0,920.0,39.0,0,0
690,New Orleans Saints,2019,1,0,0,0,1,458,5982,1011,5.9,8,2,347,418,581,4244,36,6,7.0,230,405,1738,12,4.3,97,120,1036,20,341.0,5329.0,999.0,5.3,23.0,10.0,311.0,371.0,603.0,3868.0,27.0,13.0,5.9,197.0,345.0,1461.0,12.0,4.2,71.0,92.0,713.0,43.0,0,0
691,Philadelphia Eagles,2019,1,0,0,0,1,385,5772,1104,5.2,23,15,354,391,613,3833,27,8,5.9,215,454,1939,16,4.3,104,100,836,35,354.0,5307.0,967.0,5.5,20.0,9.0,289.0,348.0,571.0,3865.0,27.0,11.0,6.3,185.0,353.0,1442.0,13.0,4.1,76.0,115.0,959.0,28.0,0,0
692,Buffalo Bills,2019,1,0,0,0,1,314,5283,1018,5.2,19,7,314,299,513,3229,21,12,5.8,162,465,2054,13,4.4,120,117,927,32,259.0,4772.0,985.0,4.8,23.0,9.0,295.0,348.0,553.0,3123.0,15.0,14.0,5.2,169.0,388.0,1649.0,12.0,4.3,93.0,94.0,815.0,33.0,0,0
693,Tennessee Titans,2019,1,1,1,0,3,402,5805,949,6.1,17,9,317,297,448,3582,29,8,7.1,177,445,2223,21,5.0,104,99,932,36,331.0,5752.0,1056.0,5.4,23.0,9.0,335.0,386.0,598.0,4080.0,25.0,14.0,6.4,213.0,415.0,1672.0,14.0,4.0,95.0,125.0,1025.0,27.0,1,0
